protocol,file,file_size_bytes,run,seconds,throughput_bytes_per_s,throughput_Mbps,h3_bytes_down,h3_bytes_up,udp_bytes_down,h3_overhead_ratio,udp_overhead_ratio
HTTP/3,A_10kB,10000,1,0.005521885,1810975.781,14.4878,10099,35,10595,1.009900,1.059500
HTTP/3,A_10kB,10000,2,0.003699526,2703048.985,21.6244,10099,39,10404,1.009900,1.040400
HTTP/3,A_10kB,10000,3,0.004654061,2148661.137,17.1893,10013,10,10318,1.001300,1.031800
HTTP/3,A_10kB,10000,4,0.003589931,2785568.859,22.2846,10013,10,10285,1.001300,1.028500
HTTP/3,A_10kB,10000,5,0.005688795,1757841.511,14.0627,10013,10,10313,1.001300,1.031300
HTTP/3,A_10kB,10000,6,0.005029402,1988307.954,15.9065,10013,10,10344,1.001300,1.034400
HTTP/3,A_10kB,10000,7,0.002846301,3513331.865,28.1067,10013,10,10313,1.001300,1.031300
HTTP/3,A_10kB,10000,8,0.002188831,4568648.744,36.5492,10013,10,10285,1.001300,1.028500
HTTP/3,A_10kB,10000,9,0.002623925,3811084.539,30.4887,10013,10,10280,1.001300,1.028000
HTTP/3,A_10kB,10000,10,0.002713533,3685232.499,29.4819,10013,10,10344,1.001300,1.034400
HTTP/3,A_10kB,10000,11,0.001648743,6065226.660,48.5218,10013,10,10285,1.001300,1.028500
HTTP/3,A_10kB,10000,12,0.001684409,5936800.385,47.4944,10013,10,10285,1.001300,1.028500
HTTP/3,A_10kB,10000,13,0.002033672,4917213.788,39.3377,10013,10,10285,1.001300,1.028500
HTTP/3,A_10kB,10000,14,0.003011089,3321057.597,26.5685,10013,10,10312,1.001300,1.031200
HTTP/3,A_10kB,10000,15,0.003479995,2873567.347,22.9885,10013,10,10345,1.001300,1.034500
HTTP/3,A_10kB,10000,16,0.002595643,3852609.931,30.8209,10013,10,10312,1.001300,1.031200
HTTP/3,A_10kB,10000,17,0.001634305,6118808.912,48.9505,10013,10,10288,1.001300,1.028800
HTTP/3,A_10kB,10000,18,0.001772203,5642694.431,45.1416,10013,10,10293,1.001300,1.029300
HTTP/3,A_10kB,10000,19,0.001658260,6030417.425,48.2433,10013,10,10293,1.001300,1.029300
HTTP/3,A_10kB,10000,20,0.001697374,5891453.504,47.1316,10013,10,10294,1.001300,1.029400
HTTP/3,A_10kB,10000,21,0.001585614,6306705.162,50.4536,10013,10,10294,1.001300,1.029400
HTTP/3,A_10kB,10000,22,0.001818079,5500311.042,44.0025,10013,10,10322,1.001300,1.032200
HTTP/3,A_10kB,10000,23,0.001634396,6118468.229,48.9477,10013,10,10294,1.001300,1.029400
HTTP/3,A_10kB,10000,24,0.001643572,6084309.053,48.6745,10013,10,10294,1.001300,1.029400
HTTP/3,A_10kB,10000,25,0.001603186,6237579.420,49.9006,10013,10,10294,1.001300,1.029400
HTTP/3,A_10kB,10000,26,0.001858685,5380147.792,43.0412,10013,10,10322,1.001300,1.032200
HTTP/3,A_10kB,10000,27,0.002049872,4878353.380,39.0268,10013,10,10294,1.001300,1.029400
HTTP/3,A_10kB,10000,28,0.002336668,4279598.129,34.2368,10013,10,10321,1.001300,1.032100
HTTP/3,A_10kB,10000,29,0.002093644,4776361.215,38.2109,10013,10,10354,1.001300,1.035400
HTTP/3,A_10kB,10000,30,0.001553995,6435027.140,51.4802,10013,10,10288,1.001300,1.028800
HTTP/3,A_10kB,10000,31,0.001847914,5411507.245,43.2921,10013,10,10294,1.001300,1.029400
HTTP/3,A_10kB,10000,32,0.001636029,6112361.089,48.8989,10013,10,10294,1.001300,1.029400
HTTP/3,A_10kB,10000,33,0.001611774,6204343.785,49.6348,10014,11,10295,1.001400,1.029500
HTTP/3,A_10kB,10000,34,0.001840440,5433483.297,43.4679,10014,11,10323,1.001400,1.032300
HTTP/3,A_10kB,10000,35,0.001636751,6109664.817,48.8773,10014,11,10295,1.001400,1.029500
HTTP/3,A_10kB,10000,36,0.001620459,6171091.031,49.3687,10014,11,10295,1.001400,1.029500
HTTP/3,A_10kB,10000,37,0.001788513,5591236.966,44.7299,10014,11,10323,1.001400,1.032300
HTTP/3,A_10kB,10000,38,0.001658560,6029326.644,48.2346,10014,11,10295,1.001400,1.029500
HTTP/3,A_10kB,10000,39,0.002489214,4017332.379,32.1387,10014,11,10295,1.001400,1.029500
HTTP/3,A_10kB,10000,40,0.002845028,3514903.896,28.1192,10014,11,10323,1.001400,1.032300
HTTP/3,A_10kB,10000,41,0.002021962,4945691.363,39.5655,10014,11,10322,1.001400,1.032200
HTTP/3,A_10kB,10000,42,0.001663900,6009976.561,48.0798,10014,11,10289,1.001400,1.028900
HTTP/3,A_10kB,10000,43,0.001683007,5941745.935,47.5340,10014,11,10295,1.001400,1.029500
HTTP/3,A_10kB,10000,44,0.001618395,6178961.255,49.4317,10014,11,10295,1.001400,1.029500
HTTP/3,A_10kB,10000,45,0.001807860,5531401.768,44.2512,10014,11,10323,1.001400,1.032300
HTTP/3,A_10kB,10000,46,0.001650355,6059302.393,48.4744,10014,11,10295,1.001400,1.029500
HTTP/3,A_10kB,10000,47,0.001612605,6201146.592,49.6092,10014,11,10295,1.001400,1.029500
HTTP/3,A_10kB,10000,48,0.001793734,5574962.620,44.5997,10014,11,10323,1.001400,1.032300
HTTP/3,A_10kB,10000,49,0.001652108,6052873.056,48.4230,10014,11,10296,1.001400,1.029600
HTTP/3,A_10kB,10000,50,0.001537114,6505698.341,52.0456,10014,11,10296,1.001400,1.029600
HTTP/3,A_10kB,10000,51,0.001932622,5174317.585,41.3945,10014,11,10323,1.001400,1.032300
HTTP/3,A_10kB,10000,52,0.001586987,6301248.844,50.4100,10014,11,10290,1.001400,1.029000
HTTP/3,A_10kB,10000,53,0.001867702,5354173.203,42.8334,10014,11,10296,1.001400,1.029600
HTTP/3,A_10kB,10000,54,0.001599551,6251754.398,50.0140,10014,11,10296,1.001400,1.029600
HTTP/3,A_10kB,10000,55,0.001653020,6049533.581,48.3963,10014,11,10296,1.001400,1.029600
HTTP/3,A_10kB,10000,56,0.001862321,5369643.579,42.9571,10014,11,10324,1.001400,1.032400
HTTP/3,A_10kB,10000,57,0.001657138,6034500.445,48.2760,10014,11,10296,1.001400,1.029600
HTTP/3,A_10kB,10000,58,0.001609680,6212414.890,49.6993,10014,11,10296,1.001400,1.029600
HTTP/3,A_10kB,10000,59,0.001803843,5543719.714,44.3498,10014,11,10324,1.001400,1.032400
HTTP/3,A_10kB,10000,60,0.001678257,5958562.961,47.6685,10014,11,10296,1.001400,1.029600
HTTP/3,A_10kB,10000,61,0.001590504,6287315.216,50.2985,10014,11,10296,1.001400,1.029600
HTTP/3,A_10kB,10000,62,0.001801127,5552079.337,44.4166,10014,11,10324,1.001400,1.032400
HTTP/3,A_10kB,10000,63,0.001635848,6113037.396,48.9043,10014,11,10296,1.001400,1.029600
HTTP/3,A_10kB,10000,64,0.001589652,6290685.005,50.3255,10014,11,10296,1.001400,1.029600
HTTP/3,A_10kB,10000,65,0.001886437,5300998.655,42.4080,10015,12,10328,1.001500,1.032800
HTTP/3,A_10kB,10000,66,0.001920991,5205646.460,41.6452,10015,12,10324,1.001500,1.032400
HTTP/3,A_10kB,10000,67,0.001787922,5593085.156,44.7447,10015,12,10297,1.001500,1.029700
HTTP/3,A_10kB,10000,68,0.001684900,5935070.330,47.4806,10015,12,10297,1.001500,1.029700
HTTP/3,A_10kB,10000,69,0.001608096,6218534.217,49.7483,10015,12,10297,1.001500,1.029700
HTTP/3,A_10kB,10000,70,0.001637952,6105185.011,48.8415,10015,12,10297,1.001500,1.029700
HTTP/3,A_10kB,10000,71,0.001853905,5394019.651,43.1522,10015,12,10325,1.001500,1.032500
HTTP/3,A_10kB,10000,72,0.001627763,6143400.483,49.1472,10015,12,10297,1.001500,1.029700
HTTP/3,A_10kB,10000,73,0.001675232,5969322.458,47.7546,10015,12,10325,1.001500,1.032500
HTTP/3,A_10kB,10000,74,0.001656958,6035155.991,48.2812,10015,12,10297,1.001500,1.029700
HTTP/3,A_10kB,10000,75,0.001647470,6069913.261,48.5593,10015,12,10297,1.001500,1.029700
HTTP/3,A_10kB,10000,76,0.001651617,6054672.481,48.4374,10015,12,10297,1.001500,1.029700
HTTP/3,A_10kB,10000,77,0.001815434,5508324.731,44.0666,10015,12,10325,1.001500,1.032500
HTTP/3,A_10kB,10000,78,0.001825293,5478572.481,43.8286,10015,12,10297,1.001500,1.029700
HTTP/3,A_10kB,10000,79,0.001599600,6251562.891,50.0125,10015,12,10297,1.001500,1.029700
HTTP/3,A_10kB,10000,80,0.001818249,5499796.782,43.9984,10015,12,10325,1.001500,1.032500
HTTP/3,A_10kB,10000,81,0.001623174,6160768.963,49.2862,10015,12,10297,1.001500,1.029700
HTTP/3,A_10kB,10000,82,0.001693386,5905328.142,47.2426,10015,12,10297,1.001500,1.029700
HTTP/3,A_10kB,10000,83,0.001614579,6193565.011,49.5485,10015,12,10297,1.001500,1.029700
HTTP/3,A_10kB,10000,84,0.001795256,5570236.223,44.5619,10015,12,10325,1.001500,1.032500
HTTP/3,A_10kB,10000,85,0.001645206,6078266.187,48.6261,10015,12,10297,1.001500,1.029700
HTTP/3,A_10kB,10000,86,0.001588450,6295445.245,50.3636,10015,12,10297,1.001500,1.029700
HTTP/3,A_10kB,10000,87,0.001822507,5486947.375,43.8956,10015,12,10325,1.001500,1.032500
HTTP/3,A_10kB,10000,88,0.001680642,5950107.162,47.6009,10015,12,10297,1.001500,1.029700
HTTP/3,A_10kB,10000,89,0.001736627,5758288.913,46.0663,10015,12,10297,1.001500,1.029700
HTTP/3,A_10kB,10000,90,0.001654904,6042646.583,48.3412,10015,12,10297,1.001500,1.029700
HTTP/3,A_10kB,10000,91,0.001708975,5851460.670,46.8117,10015,12,10297,1.001500,1.029700
HTTP/3,A_10kB,10000,92,0.001816085,5506350.198,44.0508,10015,12,10325,1.001500,1.032500
HTTP/3,A_10kB,10000,93,0.001579653,6330504.230,50.6440,10015,12,10297,1.001500,1.029700
HTTP/3,A_10kB,10000,94,0.001695990,5896261.180,47.1701,10015,12,10297,1.001500,1.029700
HTTP/3,A_10kB,10000,95,0.001659333,6026517.884,48.2121,10015,12,10297,1.001500,1.029700
HTTP/3,A_10kB,10000,96,0.001629165,6138113.697,49.1049,10015,12,10297,1.001500,1.029700
HTTP/3,A_10kB,10000,97,0.001627732,6143517.484,49.1481,10015,12,10297,1.001500,1.029700
HTTP/3,A_10kB,10000,98,0.001863814,5365342.250,42.9227,10015,12,10325,1.001500,1.032500
HTTP/3,A_10kB,10000,99,0.001649584,6062134.453,48.4971,10015,12,10297,1.001500,1.029700
HTTP/3,A_10kB,10000,100,0.001646247,6074422.611,48.5954,10015,12,10297,1.001500,1.029700
HTTP/3,A_10kB,10000,101,0.001679229,5955113.924,47.6409,10015,12,10297,1.001500,1.029700
HTTP/3,A_10kB,10000,102,0.001836714,5444505.786,43.5560,10015,12,10325,1.001500,1.032500
HTTP/3,A_10kB,10000,103,0.001745623,5728613.796,45.8289,10015,12,10297,1.001500,1.029700
HTTP/3,A_10kB,10000,104,0.002298335,4350975.815,34.8078,10015,12,10291,1.001500,1.029100
HTTP/3,A_10kB,10000,105,0.002892869,3456775.955,27.6542,10015,12,10357,1.001500,1.035700
HTTP/3,A_10kB,10000,106,0.001794515,5572536.312,44.5803,10015,12,10297,1.001500,1.029700
HTTP/3,A_10kB,10000,107,0.001722540,5805380.427,46.4430,10015,12,10297,1.001500,1.029700
HTTP/3,A_10kB,10000,108,0.001678768,5956749.235,47.6540,10015,12,10297,1.001500,1.029700
HTTP/3,A_10kB,10000,109,0.001660955,6020632.708,48.1651,10015,12,10297,1.001500,1.029700
HTTP/3,A_10kB,10000,110,0.001643102,6086049.435,48.6884,10015,12,10297,1.001500,1.029700
HTTP/3,A_10kB,10000,111,0.001832475,5457100.369,43.6568,10015,12,10325,1.001500,1.032500
HTTP/3,A_10kB,10000,112,0.001624437,6155978.963,49.2478,10015,12,10297,1.001500,1.029700
HTTP/3,A_10kB,10000,113,0.001668819,5992261.594,47.9381,10015,12,10297,1.001500,1.029700
HTTP/3,A_10kB,10000,114,0.001627863,6143023.092,49.1442,10015,12,10297,1.001500,1.029700
HTTP/3,A_10kB,10000,115,0.001821936,5488667.001,43.9093,10015,12,10325,1.001500,1.032500
HTTP/3,A_10kB,10000,116,0.001667378,5997440.292,47.9795,10015,12,10297,1.001500,1.029700
HTTP/3,A_10kB,10000,117,0.001584993,6309176.129,50.4734,10015,12,10297,1.001500,1.029700
HTTP/3,A_10kB,10000,118,0.001797270,5563994.280,44.5120,10015,12,10325,1.001500,1.032500
HTTP/3,A_10kB,10000,119,0.001667668,5996397.365,47.9712,10015,12,10297,1.001500,1.029700
HTTP/3,A_10kB,10000,120,0.001594650,6270968.551,50.1677,10015,12,10297,1.001500,1.029700
HTTP/3,A_10kB,10000,121,0.001824701,5480349.931,43.8428,10015,12,10325,1.001500,1.032500
HTTP/3,A_10kB,10000,122,0.001621702,6166361.021,49.3309,10015,12,10297,1.001500,1.029700
HTTP/3,A_10kB,10000,123,0.001710738,5845430.451,46.7634,10015,12,10297,1.001500,1.029700
HTTP/3,A_10kB,10000,124,0.002003325,4991701.297,39.9336,10015,12,10297,1.001500,1.029700
HTTP/3,A_10kB,10000,125,0.002525983,3958854.830,31.6708,10015,12,10324,1.001500,1.032400
HTTP/3,A_10kB,10000,126,0.003422418,2921910.766,23.3753,10015,12,10358,1.001500,1.035800
HTTP/3,A_10kB,10000,127,0.002271799,4401797.870,35.2144,10015,12,10357,1.001500,1.035700
HTTP/3,A_10kB,10000,128,0.001615099,6191570.919,49.5326,10015,12,10291,1.001500,1.029100
HTTP/3,A_10kB,10000,129,0.001762775,5672873.736,45.3830,10015,12,10300,1.001500,1.030000
HTTP/3,A_10kB,10000,130,0.001659362,6026412.561,48.2113,10015,12,10297,1.001500,1.029700
HTTP/3,A_10kB,10000,131,0.001882860,5311069.331,42.4886,10015,12,10297,1.001500,1.029700
HTTP/3,A_10kB,10000,132,0.001628926,6139014.295,49.1121,10015,12,10297,1.001500,1.029700
HTTP/3,A_10kB,10000,133,0.001635718,6113523.236,48.9082,10015,12,10297,1.001500,1.029700
HTTP/3,A_10kB,10000,134,0.001720616,5811872.027,46.4950,10015,12,10325,1.001500,1.032500
HTTP/3,A_10kB,10000,135,0.001661746,6017766.855,48.1421,10015,12,10297,1.001500,1.029700
HTTP/3,A_10kB,10000,136,0.001628544,6140454.296,49.1236,10015,12,10297,1.001500,1.029700
HTTP/3,A_10kB,10000,137,0.001836594,5444861.521,43.5589,10015,12,10325,1.001500,1.032500
HTTP/3,A_10kB,10000,138,0.001654873,6042759.777,48.3421,10015,12,10297,1.001500,1.029700
HTTP/3,A_10kB,10000,139,0.001631600,6128953.175,49.0316,10015,12,10297,1.001500,1.029700
HTTP/3,A_10kB,10000,140,0.001623425,6159816.438,49.2785,10015,12,10297,1.001500,1.029700
HTTP/3,A_10kB,10000,141,0.001849167,5407840.396,43.2627,10015,12,10325,1.001500,1.032500
HTTP/3,A_10kB,10000,142,0.001625699,6151200.191,49.2096,10015,12,10297,1.001500,1.029700
HTTP/3,A_10kB,10000,143,0.001694228,5902393.303,47.2191,10015,12,10325,1.001500,1.032500
HTTP/3,A_10kB,10000,144,0.001664382,6008236.089,48.0659,10015,12,10297,1.001500,1.029700
HTTP/3,A_10kB,10000,145,0.002526782,3957602.991,31.6608,10015,12,10297,1.001500,1.029700
HTTP/3,A_10kB,10000,146,0.002202177,4540961.058,36.3277,10015,12,10324,1.001500,1.032400
HTTP/3,A_10kB,10000,147,0.002551600,3919109.578,31.3529,10015,12,10297,1.001500,1.029700
HTTP/3,A_10kB,10000,148,0.003316550,3015181.438,24.1215,10015,12,10325,1.001500,1.032500
HTTP/3,A_10kB,10000,149,0.001963281,5093514.377,40.7481,10015,12,10297,1.001500,1.029700
HTTP/3,A_10kB,10000,150,0.002417680,4136196.684,33.0896,10015,12,10325,1.001500,1.032500
HTTP/3,A_10kB,10000,151,0.001687615,5925522.112,47.4042,10015,12,10297,1.001500,1.029700
HTTP/3,A_10kB,10000,152,0.001664893,6006392.002,48.0511,10015,12,10297,1.001500,1.029700
HTTP/3,A_10kB,10000,153,0.001991443,5021484.421,40.1719,10015,12,10297,1.001500,1.029700
HTTP/3,A_10kB,10000,154,0.003196736,3128190.755,25.0255,10015,12,10357,1.001500,1.035700
HTTP/3,A_10kB,10000,155,0.003422008,2922260.848,23.3781,10015,12,10324,1.001500,1.032400
HTTP/3,A_10kB,10000,156,0.003071933,3255279.331,26.0422,10015,12,10324,1.001500,1.032400
HTTP/3,A_10kB,10000,157,0.002331809,4288515.912,34.3081,10015,12,10291,1.001500,1.029100
HTTP/3,A_10kB,10000,158,0.003529679,2833118.819,22.6650,10015,12,10357,1.001500,1.035700
HTTP/3,A_10kB,10000,159,0.001593068,6277195.952,50.2176,10015,12,10291,1.001500,1.029100
HTTP/3,A_10kB,10000,160,0.001690631,5914951.282,47.3196,10015,12,10297,1.001500,1.029700
HTTP/3,A_10kB,10000,161,0.001730585,5778392.855,46.2271,10015,12,10325,1.001500,1.032500
HTTP/3,A_10kB,10000,162,0.001611132,6206816.078,49.6545,10015,12,10297,1.001500,1.029700
HTTP/3,A_10kB,10000,163,0.001745934,5727593.368,45.8207,10015,12,10325,1.001500,1.032500
HTTP/3,A_10kB,10000,164,0.001716839,5824657.991,46.5973,10015,12,10297,1.001500,1.029700
HTTP/3,A_10kB,10000,165,0.001646919,6071944.036,48.5756,10015,12,10297,1.001500,1.029700
HTTP/3,A_10kB,10000,166,0.001616863,6184815.906,49.4785,10015,12,10297,1.001500,1.029700
HTTP/3,A_10kB,10000,167,0.001722490,5805548.944,46.4444,10015,12,10325,1.001500,1.032500
HTTP/3,A_10kB,10000,168,0.001595804,6266433.722,50.1315,10015,12,10297,1.001500,1.029700
HTTP/3,A_10kB,10000,169,0.001698024,5889198.268,47.1136,10015,12,10324,1.001500,1.032400
HTTP/3,A_10kB,10000,170,0.001670372,5986690.390,47.8935,10015,12,10297,1.001500,1.029700
HTTP/3,A_10kB,10000,171,0.001680361,5951102.174,47.6088,10015,12,10324,1.001500,1.032400
HTTP/3,A_10kB,10000,172,0.001646418,6073791.710,48.5903,10015,12,10297,1.001500,1.029700
HTTP/3,A_10kB,10000,173,0.001677837,5960054.523,47.6804,10015,12,10297,1.001500,1.029700
HTTP/3,A_10kB,10000,174,0.001657369,6033659.372,48.2693,10015,12,10297,1.001500,1.029700
HTTP/3,A_10kB,10000,175,0.001676695,5964113.926,47.7129,10015,12,10324,1.001500,1.032400
HTTP/3,A_10kB,10000,176,0.001783904,5605682.817,44.8455,10015,12,10297,1.001500,1.029700
HTTP/3,A_10kB,10000,177,0.001663319,6012075.855,48.0966,10015,12,10297,1.001500,1.029700
HTTP/3,A_10kB,10000,178,0.001677436,5961479.305,47.6918,10015,12,10324,1.001500,1.032400
HTTP/3,A_10kB,10000,179,0.001635958,6112626.363,48.9010,10015,12,10297,1.001500,1.029700
HTTP/3,A_10kB,10000,180,0.002029805,4926581.617,39.4127,10015,12,10325,1.001500,1.032500
HTTP/3,A_10kB,10000,181,0.003876828,2579428.337,20.6354,10015,12,10325,1.001500,1.032500
HTTP/3,A_10kB,10000,182,0.003644473,2743880.940,21.9510,10015,12,10357,1.001500,1.035700
HTTP/3,A_10kB,10000,183,0.001831464,5460112.784,43.6809,10015,12,10297,1.001500,1.029700
HTTP/3,A_10kB,10000,184,0.001732058,5773478.717,46.1878,10015,12,10324,1.001500,1.032400
HTTP/3,A_10kB,10000,185,0.001686423,5929710.398,47.4377,10015,12,10297,1.001500,1.029700
HTTP/3,A_10kB,10000,186,0.001726187,5793115.114,46.3449,10015,12,10324,1.001500,1.032400
HTTP/3,A_10kB,10000,187,0.001626030,6149948.032,49.1996,10015,12,10297,1.001500,1.029700
HTTP/3,A_10kB,10000,188,0.001800508,5553988.096,44.4319,10015,12,10325,1.001500,1.032500
HTTP/3,A_10kB,10000,189,0.001687685,5925276.340,47.4022,10015,12,10297,1.001500,1.029700
HTTP/3,A_10kB,10000,190,0.001628394,6141019.925,49.1282,10015,12,10297,1.001500,1.029700
HTTP/3,A_10kB,10000,191,0.001709105,5851015.590,46.8081,10015,12,10324,1.001500,1.032400
HTTP/3,A_10kB,10000,192,0.001671404,5982993.938,47.8640,10015,12,10297,1.001500,1.029700
HTTP/3,A_10kB,10000,193,0.001602425,6240541.679,49.9243,10015,12,10297,1.001500,1.029700
HTTP/3,A_10kB,10000,194,0.001753178,5703927.382,45.6314,10015,12,10325,1.001500,1.032500
HTTP/3,A_10kB,10000,195,0.001693756,5904038.126,47.2323,10015,12,10297,1.001500,1.029700
HTTP/3,A_10kB,10000,196,0.001643733,6083713.109,48.6697,10015,12,10297,1.001500,1.029700
HTTP/3,A_10kB,10000,197,0.001692705,5907703.941,47.2616,10015,12,10324,1.001500,1.032400
HTTP/3,A_10kB,10000,198,0.001665053,6005814.829,48.0465,10015,12,10297,1.001500,1.029700
HTTP/3,A_10kB,10000,199,0.001654282,6044918.581,48.3593,10015,12,10297,1.001500,1.029700
HTTP/3,A_10kB,10000,200,0.001655665,6039869.176,48.3190,10015,12,10324,1.001500,1.032400
HTTP/3,A_10kB,10000,201,0.001698273,5888334.796,47.1067,10015,12,10297,1.001500,1.029700
HTTP/3,A_10kB,10000,202,0.001744582,5732032.086,45.8563,10015,12,10325,1.001500,1.032500
HTTP/3,A_10kB,10000,203,0.001608327,6217641.064,49.7411,10015,12,10297,1.001500,1.029700
HTTP/3,A_10kB,10000,204,0.002262189,4420497.138,35.3640,10015,12,10297,1.001500,1.029700
HTTP/3,A_10kB,10000,205,0.002447695,4085476.336,32.6838,10015,12,10324,1.001500,1.032400
HTTP/3,A_10kB,10000,206,0.001911516,5231449.802,41.8516,10015,12,10324,1.001500,1.032400
HTTP/3,A_10kB,10000,207,0.001823079,5485225.818,43.8818,10015,12,10297,1.001500,1.029700
HTTP/3,A_10kB,10000,208,0.001576447,6343378.496,50.7470,10015,12,10297,1.001500,1.029700
HTTP/3,A_10kB,10000,209,0.001784416,5604074.386,44.8326,10015,12,10325,1.001500,1.032500
HTTP/3,A_10kB,10000,210,0.001632732,6124703.870,48.9976,10015,12,10297,1.001500,1.029700
HTTP/3,A_10kB,10000,211,0.001669381,5990244.288,47.9220,10015,12,10297,1.001500,1.029700
HTTP/3,A_10kB,10000,212,0.001606003,6226638.431,49.8131,10015,12,10297,1.001500,1.029700
HTTP/3,A_10kB,10000,213,0.001825312,5478515.454,43.8281,10015,12,10325,1.001500,1.032500
HTTP/3,A_10kB,10000,214,0.001733551,5768506.378,46.1481,10015,12,10324,1.001500,1.032400
HTTP/3,A_10kB,10000,215,0.001791288,5582575.220,44.6606,10015,12,10297,1.001500,1.029700
HTTP/3,A_10kB,10000,216,0.001632552,6125379.161,49.0030,10015,12,10297,1.001500,1.029700
HTTP/3,A_10kB,10000,217,0.001686483,5929499.438,47.4360,10015,12,10297,1.001500,1.029700
HTTP/3,A_10kB,10000,218,0.001672416,5979373.553,47.8350,10015,12,10297,1.001500,1.029700
HTTP/3,A_10kB,10000,219,0.001633553,6121625.684,48.9730,10015,12,10297,1.001500,1.029700
HTTP/3,A_10kB,10000,220,0.001881788,5314094.893,42.5128,10015,12,10325,1.001500,1.032500
HTTP/3,A_10kB,10000,221,0.002659169,3760573.322,30.0846,10015,12,10324,1.001500,1.032400
HTTP/3,A_10kB,10000,222,0.003081330,3245351.845,25.9628,10015,12,10324,1.001500,1.032400
HTTP/3,A_10kB,10000,223,0.003360292,2975931.854,23.8075,10015,12,10358,1.001500,1.035800
HTTP/3,A_10kB,10000,224,0.001769639,5650870.036,45.2070,10015,12,10324,1.001500,1.032400
HTTP/3,A_10kB,10000,225,0.001688807,5921339.739,47.3707,10015,12,10297,1.001500,1.029700
HTTP/3,A_10kB,10000,226,0.001668970,5991719.443,47.9338,10015,12,10297,1.001500,1.029700
HTTP/3,A_10kB,10000,227,0.001656296,6037568.164,48.3005,10015,12,10297,1.001500,1.029700
HTTP/3,A_10kB,10000,228,0.001687825,5924784.857,47.3983,10015,12,10297,1.001500,1.029700
HTTP/3,A_10kB,10000,229,0.001672676,5978444.122,47.8276,10015,12,10297,1.001500,1.029700
HTTP/3,A_10kB,10000,230,0.001635808,6113186.877,48.9055,10015,12,10297,1.001500,1.029700
HTTP/3,A_10kB,10000,231,0.001685552,5932774.545,47.4622,10015,12,10297,1.001500,1.029700
HTTP/3,A_10kB,10000,232,0.001696842,5893300.614,47.1464,10015,12,10297,1.001500,1.029700
HTTP/3,A_10kB,10000,233,0.001643973,6082824.961,48.6626,10015,12,10297,1.001500,1.029700
HTTP/3,A_10kB,10000,234,0.001685922,5931472.512,47.4518,10015,12,10297,1.001500,1.029700
HTTP/3,A_10kB,10000,235,0.001841282,5430998.619,43.4480,10015,12,10297,1.001500,1.029700
HTTP/3,A_10kB,10000,236,0.001600432,6248312.955,49.9865,10015,12,10297,1.001500,1.029700
HTTP/3,A_10kB,10000,237,0.001945557,5139916.230,41.1193,10015,12,10325,1.001500,1.032500
HTTP/3,A_10kB,10000,238,0.001638683,6102461.550,48.8197,10015,12,10297,1.001500,1.029700
HTTP/3,A_10kB,10000,239,0.001860358,5375309.484,43.0025,10015,12,10325,1.001500,1.032500
HTTP/3,A_10kB,10000,240,0.001710618,5845840.509,46.7667,10015,12,10297,1.001500,1.029700
HTTP/3,A_10kB,10000,241,0.001666255,6001482.366,48.0119,10015,12,10297,1.001500,1.029700
HTTP/3,A_10kB,10000,242,0.001674921,5970430.844,47.7634,10015,12,10297,1.001500,1.029700
HTTP/3,A_10kB,10000,243,0.001704596,5866492.705,46.9319,10015,12,10297,1.001500,1.029700
HTTP/3,A_10kB,10000,244,0.001633915,6120269.414,48.9622,10015,12,10297,1.001500,1.029700
HTTP/3,A_10kB,10000,245,0.001623896,6158029.825,49.2642,10015,12,10297,1.001500,1.029700
HTTP/3,A_10kB,10000,246,0.001868233,5352651.409,42.8212,10015,12,10325,1.001500,1.032500
HTTP/3,A_10kB,10000,247,0.001671875,5981308.411,47.8505,10015,12,10297,1.001500,1.029700
HTTP/3,A_10kB,10000,248,0.001660985,6020523.966,48.1642,10015,12,10297,1.001500,1.029700
HTTP/3,A_10kB,10000,249,0.002710649,3689153.409,29.5132,10015,12,10297,1.001500,1.029700
HTTP/3,A_10kB,10000,250,0.002406779,4154930.719,33.2394,10015,12,10325,1.001500,1.032500
HTTP/3,A_10kB,10000,251,0.002461269,4062944.765,32.5036,10015,12,10357,1.001500,1.035700
HTTP/3,A_10kB,10000,252,0.001680932,5949080.629,47.5926,10015,12,10291,1.001500,1.029100
HTTP/3,A_10kB,10000,253,0.001796518,5566323.299,44.5306,10015,12,10297,1.001500,1.029700
HTTP/3,A_10kB,10000,254,0.001638713,6102349.832,48.8188,10015,12,10297,1.001500,1.029700
HTTP/3,A_10kB,10000,255,0.001682365,5944013.338,47.5521,10015,12,10297,1.001500,1.029700
HTTP/3,A_10kB,10000,256,0.001679680,5953514.955,47.6281,10015,12,10297,1.001500,1.029700
HTTP/3,A_10kB,10000,257,0.001635417,6114648.435,48.9172,10015,12,10300,1.001500,1.030000
HTTP/3,A_10kB,10000,258,0.001809062,5527726.523,44.2218,10015,12,10325,1.001500,1.032500
HTTP/3,A_10kB,10000,259,0.001824261,5481671.756,43.8534,10015,12,10297,1.001500,1.029700
HTTP/3,A_10kB,10000,260,0.001928896,5184312.685,41.4745,10015,12,10297,1.001500,1.029700
HTTP/3,A_10kB,10000,261,0.001636530,6110489.878,48.8839,10015,12,10297,1.001500,1.029700
HTTP/3,A_10kB,10000,262,0.001794906,5571322.398,44.5706,10015,12,10325,1.001500,1.032500
HTTP/3,A_10kB,10000,263,0.001667838,5995786.161,47.9663,10015,12,10297,1.001500,1.029700
HTTP/3,A_10kB,10000,264,0.001676214,5965825.366,47.7266,10015,12,10297,1.001500,1.029700
HTTP/3,A_10kB,10000,265,0.001627653,6143815.666,49.1505,10015,12,10297,1.001500,1.029700
HTTP/3,A_10kB,10000,266,0.001714916,5831189.399,46.6495,10015,12,10297,1.001500,1.029700
HTTP/3,A_10kB,10000,267,0.001827396,5472267.642,43.7781,10015,12,10297,1.001500,1.029700
HTTP/3,A_10kB,10000,268,0.001683788,5938989.944,47.5119,10015,12,10297,1.001500,1.029700
HTTP/3,A_10kB,10000,269,0.001800075,5555324.083,44.4426,10015,12,10297,1.001500,1.029700
HTTP/3,A_10kB,10000,270,0.001670893,5984823.684,47.8786,10015,12,10297,1.001500,1.029700
HTTP/3,A_10kB,10000,271,0.001663380,6011855.379,48.0948,10015,12,10297,1.001500,1.029700
HTTP/3,A_10kB,10000,272,0.001634465,6118209.934,48.9457,10015,12,10297,1.001500,1.029700
HTTP/3,A_10kB,10000,273,0.001654754,6043194.336,48.3456,10015,12,10297,1.001500,1.029700
HTTP/3,A_10kB,10000,274,0.001679420,5954436.651,47.6355,10015,12,10297,1.001500,1.029700
HTTP/3,A_10kB,10000,275,0.001612325,6202223.497,49.6178,10015,12,10297,1.001500,1.029700
HTTP/3,A_10kB,10000,276,0.001850399,5404239.842,43.2339,10015,12,10325,1.001500,1.032500
HTTP/3,A_10kB,10000,277,0.001645886,6075754.943,48.6060,10015,12,10297,1.001500,1.029700
HTTP/3,A_10kB,10000,278,0.001689318,5919548.599,47.3564,10015,12,10297,1.001500,1.029700
HTTP/3,A_10kB,10000,279,0.001643061,6086201.303,48.6896,10015,12,10297,1.001500,1.029700
HTTP/3,A_10kB,10000,280,0.001812559,5517061.790,44.1365,10015,12,10325,1.001500,1.032500
HTTP/3,A_10kB,10000,281,0.001672076,5980589.398,47.8447,10015,12,10297,1.001500,1.029700
HTTP/3,A_10kB,10000,282,0.001616001,6188114.983,49.5049,10015,12,10297,1.001500,1.029700
HTTP/3,A_10kB,10000,283,0.001842113,5428548.628,43.4284,10015,12,10325,1.001500,1.032500
HTTP/3,A_10kB,10000,284,0.001684148,5937720.438,47.5018,10015,12,10297,1.001500,1.029700
HTTP/3,A_10kB,10000,285,0.001714905,5831226.803,46.6498,10015,12,10297,1.001500,1.029700
HTTP/3,A_10kB,10000,286,0.001641468,6092107.797,48.7369,10015,12,10297,1.001500,1.029700
HTTP/3,A_10kB,10000,287,0.002073095,4823705.619,38.5896,10015,12,10297,1.001500,1.029700
HTTP/3,A_10kB,10000,288,0.004906224,2038227.362,16.3058,10015,12,10357,1.001500,1.035700
HTTP/3,A_10kB,10000,289,0.003516402,2843815.923,22.7505,10015,12,10297,1.001500,1.029700
HTTP/3,A_10kB,10000,290,0.002860427,3495981.544,27.9679,10015,12,10358,1.001500,1.035800
HTTP/3,A_10kB,10000,291,0.001832726,5456352.995,43.6508,10015,12,10324,1.001500,1.032400
HTTP/3,A_10kB,10000,292,0.001801688,5550350.560,44.4028,10015,12,10297,1.001500,1.029700
HTTP/3,A_10kB,10000,293,0.001628805,6139470.347,49.1158,10015,12,10297,1.001500,1.029700
HTTP/3,A_10kB,10000,294,0.001702322,5874329.299,46.9946,10015,12,10297,1.001500,1.029700
HTTP/3,A_10kB,10000,295,0.001621391,6167543.795,49.3404,10015,12,10297,1.001500,1.029700
HTTP/3,A_10kB,10000,296,0.001850870,5402864.599,43.2229,10015,12,10325,1.001500,1.032500
HTTP/3,A_10kB,10000,297,0.001651558,6054888.778,48.4391,10015,12,10297,1.001500,1.029700
HTTP/3,A_10kB,10000,298,0.001694127,5902745.190,47.2220,10015,12,10297,1.001500,1.029700
HTTP/3,A_10kB,10000,299,0.001644795,6079785.019,48.6383,10015,12,10297,1.001500,1.029700
HTTP/3,A_10kB,10000,300,0.001840771,5432506.271,43.4601,10015,12,10325,1.001500,1.032500
HTTP/3,A_10kB,10000,301,0.001742908,5737537.495,45.9003,10015,12,10324,1.001500,1.032400
HTTP/3,A_10kB,10000,302,0.001691002,5913653.562,47.3092,10015,12,10297,1.001500,1.029700
HTTP/3,A_10kB,10000,303,0.001776541,5628915.966,45.0313,10015,12,10297,1.001500,1.029700
HTTP/3,A_10kB,10000,304,0.001845379,5418941.041,43.3515,10015,12,10297,1.001500,1.029700
HTTP/3,A_10kB,10000,305,0.002527226,3956907.692,31.6553,10015,12,10297,1.001500,1.029700
HTTP/3,A_10kB,10000,306,0.002207475,4530062.628,36.2405,10015,12,10324,1.001500,1.032400
HTTP/3,A_10kB,10000,307,0.001814192,5512095.743,44.0968,10015,12,10324,1.001500,1.032400
HTTP/3,A_10kB,10000,308,0.001682705,5942812.317,47.5425,10015,12,10291,1.001500,1.029100
HTTP/3,A_10kB,10000,309,0.001656326,6037458.810,48.2997,10015,12,10297,1.001500,1.029700
HTTP/3,A_10kB,10000,310,0.001817898,5500858.684,44.0069,10015,12,10325,1.001500,1.032500
HTTP/3,A_10kB,10000,311,0.001699958,5882498.273,47.0600,10015,12,10297,1.001500,1.029700
HTTP/3,A_10kB,10000,312,0.001684098,5937896.726,47.5032,10015,12,10297,1.001500,1.029700
HTTP/3,A_10kB,10000,313,0.001615511,6189991.897,49.5199,10015,12,10297,1.001500,1.029700
HTTP/3,A_10kB,10000,314,0.001858174,5381627.339,43.0530,10015,12,10325,1.001500,1.032500
HTTP/3,A_10kB,10000,315,0.001675632,5967897.485,47.7432,10015,12,10297,1.001500,1.029700
HTTP/3,A_10kB,10000,316,0.001666646,6000074.401,48.0006,10015,12,10297,1.001500,1.029700
HTTP/3,A_10kB,10000,317,0.001656506,6036802.764,48.2944,10015,12,10297,1.001500,1.029700
HTTP/3,A_10kB,10000,318,0.001698475,5887634.496,47.1011,10015,12,10297,1.001500,1.029700
HTTP/3,A_10kB,10000,319,0.001643593,6084231.315,48.6739,10015,12,10297,1.001500,1.029700
HTTP/3,A_10kB,10000,320,0.002503552,3994324.863,31.9546,10015,12,10297,1.001500,1.029700
HTTP/3,A_10kB,10000,321,0.003197105,3127829.708,25.0226,10015,12,10324,1.001500,1.032400
HTTP/3,A_10kB,10000,322,0.002683739,3726144.756,29.8092,10015,12,10291,1.001500,1.029100
HTTP/3,A_10kB,10000,323,0.003461311,2889078.733,23.1126,10015,12,10357,1.001500,1.035700
HTTP/3,A_10kB,10000,324,0.002837985,3523626.799,28.1890,10015,12,10325,1.001500,1.032500
HTTP/3,A_10kB,10000,325,0.001896946,5271631.348,42.1731,10015,12,10297,1.001500,1.029700
HTTP/3,A_10kB,10000,326,0.002105235,4750063.533,38.0005,10015,12,10357,1.001500,1.035700
HTTP/3,A_10kB,10000,327,0.001670122,5987586.536,47.9007,10015,12,10291,1.001500,1.029100
HTTP/3,A_10kB,10000,328,0.001674280,5972716.630,47.7817,10015,12,10297,1.001500,1.029700
HTTP/3,A_10kB,10000,329,0.001641078,6093555.578,48.7484,10015,12,10297,1.001500,1.029700
HTTP/3,A_10kB,10000,330,0.001780178,5617415.787,44.9393,10015,12,10297,1.001500,1.029700
HTTP/3,A_10kB,10000,331,0.001721498,5808894.346,46.4712,10015,12,10297,1.001500,1.029700
HTTP/3,A_10kB,10000,332,0.001623685,6158830.068,49.2706,10015,12,10297,1.001500,1.029700
HTTP/3,A_10kB,10000,333,0.001790968,5583572.682,44.6686,10015,12,10325,1.001500,1.032500
HTTP/3,A_10kB,10000,334,0.001691502,5911905.514,47.2952,10015,12,10297,1.001500,1.029700
HTTP/3,A_10kB,10000,335,0.001652519,6051367.640,48.4109,10015,12,10297,1.001500,1.029700
HTTP/3,A_10kB,10000,336,0.001824791,5480079.637,43.8406,10015,12,10325,1.001500,1.032500
HTTP/3,A_10kB,10000,337,0.001631820,6128126.877,49.0250,10015,12,10297,1.001500,1.029700
HTTP/3,A_10kB,10000,338,0.001845109,5419734.010,43.3579,10015,12,10325,1.001500,1.032500
HTTP/3,A_10kB,10000,339,0.001647590,6069471.167,48.5558,10015,12,10297,1.001500,1.029700
HTTP/3,A_10kB,10000,340,0.001669612,5989415.505,47.9153,10015,12,10297,1.001500,1.029700
HTTP/3,A_10kB,10000,341,0.001813730,5513499.805,44.1080,10015,12,10325,1.001500,1.032500
HTTP/3,A_10kB,10000,342,0.001675733,5967537.787,47.7403,10015,12,10297,1.001500,1.029700
HTTP/3,A_10kB,10000,343,0.001626200,6149305.128,49.1944,10015,12,10297,1.001500,1.029700
HTTP/3,A_10kB,10000,344,0.001680402,5950956.974,47.6077,10015,12,10297,1.001500,1.029700
HTTP/3,A_10kB,10000,345,0.001686283,5930202.700,47.4416,10015,12,10297,1.001500,1.029700
HTTP/3,A_10kB,10000,346,0.002177311,4592821.145,36.7426,10015,12,10297,1.001500,1.029700
HTTP/3,A_10kB,10000,347,0.002967848,3369444.796,26.9556,10015,12,10325,1.001500,1.032500
HTTP/3,A_10kB,10000,348,0.002464225,4058070.996,32.4646,10015,12,10357,1.001500,1.035700
HTTP/3,A_10kB,10000,349,0.001638563,6102908.463,48.8233,10015,12,10291,1.001500,1.029100
HTTP/3,A_10kB,10000,350,0.001823068,5485258.916,43.8821,10015,12,10297,1.001500,1.029700
HTTP/3,A_10kB,10000,351,0.001635688,6113635.364,48.9091,10015,12,10297,1.001500,1.029700
HTTP/3,A_10kB,10000,352,0.001653892,6046344.017,48.3708,10015,12,10297,1.001500,1.029700
HTTP/3,A_10kB,10000,353,0.001690370,5915864.574,47.3269,10015,12,10297,1.001500,1.029700
HTTP/3,A_10kB,10000,354,0.001711860,5841599.197,46.7328,10015,12,10297,1.001500,1.029700
HTTP/3,A_10kB,10000,355,0.001662729,6014209.170,48.1137,10015,12,10297,1.001500,1.029700
HTTP/3,A_10kB,10000,356,0.001862221,5369931.925,42.9595,10015,12,10325,1.001500,1.032500
HTTP/3,A_10kB,10000,357,0.001724083,5800184.794,46.4015,10015,12,10324,1.001500,1.032400
HTTP/3,A_10kB,10000,358,0.001831494,5460023.348,43.6802,10015,12,10297,1.001500,1.029700
HTTP/3,A_10kB,10000,359,0.001607054,6222566.261,49.7805,10015,12,10297,1.001500,1.029700
HTTP/3,A_10kB,10000,360,0.001652028,6053166.169,48.4253,10015,12,10297,1.001500,1.029700
HTTP/3,A_10kB,10000,361,0.001831694,5459427.174,43.6754,10015,12,10325,1.001500,1.032500
HTTP/3,A_10kB,10000,362,0.001676043,5966434.035,47.7315,10015,12,10297,1.001500,1.029700
HTTP/3,A_10kB,10000,363,0.001634756,6117120.843,48.9370,10015,12,10297,1.001500,1.029700
HTTP/3,A_10kB,10000,364,0.001697423,5891283.434,47.1303,10015,12,10297,1.001500,1.029700
HTTP/3,A_10kB,10000,365,0.001703164,5871425.183,46.9714,10015,12,10297,1.001500,1.029700
HTTP/3,A_10kB,10000,366,0.001655234,6041441.874,48.3315,10015,12,10297,1.001500,1.029700
HTTP/3,A_10kB,10000,367,0.002257763,4429162.848,35.4333,10015,12,10325,1.001500,1.032500
HTTP/3,A_10kB,10000,368,0.002724103,3670933.148,29.3675,10015,12,10325,1.001500,1.032500
HTTP/3,A_10kB,10000,369,0.003048399,3280410.471,26.2433,10015,12,10325,1.001500,1.032500
HTTP/3,A_10kB,10000,370,0.002985301,3349745.972,26.7980,10015,12,10325,1.001500,1.032500
HTTP/3,A_10kB,10000,371,0.003527895,2834551.482,22.6764,10015,12,10325,1.001500,1.032500
HTTP/3,A_10kB,10000,372,0.003016079,3315563.021,26.5245,10015,12,10325,1.001500,1.032500
HTTP/3,A_10kB,10000,373,0.003025516,3305221.324,26.4418,10015,12,10325,1.001500,1.032500
HTTP/3,A_10kB,10000,374,0.002923826,3420176.167,27.3614,10015,12,10325,1.001500,1.032500
HTTP/3,A_10kB,10000,375,0.002811306,3557065.648,28.4565,10015,12,10325,1.001500,1.032500
HTTP/3,A_10kB,10000,376,0.003083965,3242578.953,25.9406,10015,12,10325,1.001500,1.032500
HTTP/3,A_10kB,10000,377,0.003318382,3013516.829,24.1081,10015,12,10324,1.001500,1.032400
HTTP/3,A_10kB,10000,378,0.002986873,3347982.991,26.7839,10015,12,10297,1.001500,1.029700
HTTP/3,A_10kB,10000,379,0.002987658,3347103.316,26.7768,10015,12,10297,1.001500,1.029700
HTTP/3,A_10kB,10000,380,0.001782373,5610497.914,44.8840,10015,12,10297,1.001500,1.029700
HTTP/3,A_10kB,10000,381,0.001854918,5391073.891,43.1286,10015,12,10297,1.001500,1.029700
HTTP/3,A_10kB,10000,382,0.002324987,4301099.318,34.4088,10015,12,10357,1.001500,1.035700
HTTP/3,A_10kB,10000,383,0.001751595,5709082.293,45.6727,10015,12,10291,1.001500,1.029100
HTTP/3,A_10kB,10000,384,0.001801616,5550572.375,44.4046,10015,12,10297,1.001500,1.029700
HTTP/3,A_10kB,10000,385,0.002044123,4892073.520,39.1366,10015,12,10324,1.001500,1.032400
HTTP/3,A_10kB,10000,386,0.001619999,6172843.317,49.3827,10015,12,10291,1.001500,1.029100
HTTP/3,A_10kB,10000,387,0.001746324,5726314.246,45.8105,10015,12,10297,1.001500,1.029700
HTTP/3,A_10kB,10000,388,0.001844439,5421702.751,43.3736,10015,12,10297,1.001500,1.029700
HTTP/3,A_10kB,10000,389,0.001661456,6018817.230,48.1505,10015,12,10297,1.001500,1.029700
HTTP/3,A_10kB,10000,390,0.001834299,5451673.909,43.6134,10015,12,10297,1.001500,1.029700
HTTP/3,A_10kB,10000,391,0.001627723,6143551.452,49.1484,10015,12,10297,1.001500,1.029700
HTTP/3,A_10kB,10000,392,0.001719805,5814612.703,46.5169,10015,12,10297,1.001500,1.029700
HTTP/3,A_10kB,10000,393,0.001808290,5530086.436,44.2407,10015,12,10297,1.001500,1.029700
HTTP/3,A_10kB,10000,394,0.001656617,6036398.274,48.2912,10015,12,10297,1.001500,1.029700
HTTP/3,A_10kB,10000,395,0.001626932,6146538.393,49.1723,10015,12,10297,1.001500,1.029700
HTTP/3,A_10kB,10000,396,0.001692303,5909107.293,47.2729,10015,12,10297,1.001500,1.029700
HTTP/3,A_10kB,10000,397,0.001687595,5925592.337,47.4047,10015,12,10297,1.001500,1.029700
HTTP/3,A_10kB,10000,398,0.001642842,6087012.628,48.6961,10015,12,10297,1.001500,1.029700
HTTP/3,A_10kB,10000,399,0.001822207,5487850.722,43.9028,10015,12,10325,1.001500,1.032500
HTTP/3,A_10kB,10000,400,0.001683838,5938813.591,47.5105,10015,12,10297,1.001500,1.029700
HTTP/3,A_10kB,10000,401,0.001766410,5661199.834,45.2896,10015,12,10297,1.001500,1.029700
HTTP/3,A_10kB,10000,402,0.001651778,6054082.328,48.4327,10015,12,10297,1.001500,1.029700
HTTP/3,A_10kB,10000,403,0.001675963,5966718.836,47.7338,10015,12,10297,1.001500,1.029700
HTTP/3,A_10kB,10000,404,0.002010842,4973041.144,39.7843,10015,12,10297,1.001500,1.029700
HTTP/3,A_10kB,10000,405,0.003167581,3156983.199,25.2559,10015,12,10298,1.001500,1.029800
HTTP/3,A_10kB,10000,406,0.001946136,5138387.040,41.1071,10015,12,10324,1.001500,1.032400
HTTP/3,A_10kB,10000,407,0.001624707,6154955.940,49.2396,10015,12,10291,1.001500,1.029100
HTTP/3,A_10kB,10000,408,0.001875106,5333031.839,42.6643,10015,12,10297,1.001500,1.029700
HTTP/3,A_10kB,10000,409,0.001777174,5626911.040,45.0153,10015,12,10324,1.001500,1.032400
HTTP/3,A_10kB,10000,410,0.001797560,5563096.642,44.5048,10015,12,10297,1.001500,1.029700
HTTP/3,A_10kB,10000,411,0.001667618,5996577.154,47.9726,10015,12,10297,1.001500,1.029700
HTTP/3,A_10kB,10000,412,0.001695810,5896887.033,47.1751,10015,12,10297,1.001500,1.029700
HTTP/3,A_10kB,10000,413,0.001630538,6132945.077,49.0636,10015,12,10297,1.001500,1.029700
HTTP/3,A_10kB,10000,414,0.001836333,5445635.405,43.5651,10015,12,10325,1.001500,1.032500
HTTP/3,A_10kB,10000,415,0.001740023,5747050.470,45.9764,10015,12,10324,1.001500,1.032400
HTTP/3,A_10kB,10000,416,0.001870938,5344912.552,42.7593,10015,12,10297,1.001500,1.029700
HTTP/3,A_10kB,10000,417,0.001619547,6174566.098,49.3965,10015,12,10297,1.001500,1.029700
HTTP/3,A_10kB,10000,418,0.001631651,6128761.604,49.0301,10015,12,10297,1.001500,1.029700
HTTP/3,A_10kB,10000,419,0.001962539,5095440.141,40.7635,10015,12,10325,1.001500,1.032500
HTTP/3,A_10kB,10000,420,0.001669100,5991252.772,47.9300,10015,12,10297,1.001500,1.029700
HTTP/3,A_10kB,10000,421,0.002093363,4777002.364,38.2160,10015,12,10297,1.001500,1.029700
HTTP/3,A_10kB,10000,422,0.002496858,4005033.526,32.0403,10015,12,10325,1.001500,1.032500
HTTP/3,A_10kB,10000,423,0.002668879,3746891.485,29.9751,10015,12,10297,1.001500,1.029700
HTTP/3,A_10kB,10000,424,0.001992002,5020075.281,40.1606,10015,12,10324,1.001500,1.032400
HTTP/3,A_10kB,10000,425,0.001711970,5841223.854,46.7298,10015,12,10291,1.001500,1.029100
HTTP/3,A_10kB,10000,426,0.001822207,5487850.722,43.9028,10015,12,10297,1.001500,1.029700
HTTP/3,A_10kB,10000,427,0.002001463,4996345.174,39.9708,10015,12,10297,1.001500,1.029700
HTTP/3,A_10kB,10000,428,0.002580292,3875530.366,31.0042,10015,12,10324,1.001500,1.032400
HTTP/3,A_10kB,10000,429,0.001803902,5543538.396,44.3483,10015,12,10297,1.001500,1.029700
HTTP/3,A_10kB,10000,430,0.001811316,5520847.826,44.1668,10015,12,10297,1.001500,1.029700
HTTP/3,A_10kB,10000,431,0.001607606,6220429.633,49.7634,10015,12,10297,1.001500,1.029700
HTTP/3,A_10kB,10000,432,0.001693135,5906203.581,47.2496,10015,12,10297,1.001500,1.029700
HTTP/3,A_10kB,10000,433,0.001691572,5911660.869,47.2933,10015,12,10297,1.001500,1.029700
HTTP/3,A_10kB,10000,434,0.001623836,6158257.361,49.2661,10015,12,10297,1.001500,1.029700
HTTP/3,A_10kB,10000,435,0.001932974,5173375.327,41.3870,10015,12,10325,1.001500,1.032500
HTTP/3,A_10kB,10000,436,0.001622593,6162974.942,49.3038,10015,12,10297,1.001500,1.029700
HTTP/3,A_10kB,10000,437,0.001824561,5480770.443,43.8462,10015,12,10297,1.001500,1.029700
HTTP/3,A_10kB,10000,438,0.001606333,6225359.250,49.8029,10015,12,10297,1.001500,1.029700
HTTP/3,A_10kB,10000,439,0.001609479,6213190.728,49.7055,10015,12,10297,1.001500,1.029700
HTTP/3,A_10kB,10000,440,0.001857643,5383165.657,43.0653,10015,12,10325,1.001500,1.032500
HTTP/3,A_10kB,10000,441,0.001691572,5911660.869,47.2933,10015,12,10297,1.001500,1.029700
HTTP/3,A_10kB,10000,442,0.001647911,6068288.882,48.5463,10015,12,10297,1.001500,1.029700
HTTP/3,A_10kB,10000,443,0.001642340,6088873.193,48.7110,10015,12,10297,1.001500,1.029700
HTTP/3,A_10kB,10000,444,0.001822357,5487399.011,43.8992,10015,12,10297,1.001500,1.029700
HTTP/3,A_10kB,10000,445,0.001614248,6194834.995,49.5587,10015,12,10297,1.001500,1.029700
HTTP/3,A_10kB,10000,446,0.002017022,4957804.129,39.6624,10015,12,10297,1.001500,1.029700
HTTP/3,A_10kB,10000,447,0.002527485,3956502.215,31.6520,10015,12,10324,1.001500,1.032400
HTTP/3,A_10kB,10000,448,0.002531220,3950664.107,31.6053,10015,12,10324,1.001500,1.032400
HTTP/3,A_10kB,10000,449,0.002445962,4088370.956,32.7070,10015,12,10324,1.001500,1.032400
HTTP/3,A_10kB,10000,450,0.001851231,5401811.011,43.2145,10015,12,10297,1.001500,1.029700
HTTP/3,A_10kB,10000,451,0.001666446,6000794.505,48.0064,10015,12,10297,1.001500,1.029700
HTTP/3,A_10kB,10000,452,0.001647951,6068141.589,48.5451,10015,12,10297,1.001500,1.029700
HTTP/3,A_10kB,10000,453,0.001709215,5850639.036,46.8051,10015,12,10297,1.001500,1.029700
HTTP/3,A_10kB,10000,454,0.001688647,5921900.789,47.3752,10015,12,10297,1.001500,1.029700
HTTP/3,A_10kB,10000,455,0.001629596,6136490.271,49.0919,10015,12,10297,1.001500,1.029700
HTTP/3,A_10kB,10000,456,0.001692324,5909033.967,47.2723,10015,12,10297,1.001500,1.029700
HTTP/3,A_10kB,10000,457,0.001857102,5384733.849,43.0779,10015,12,10325,1.001500,1.032500
HTTP/3,A_10kB,10000,458,0.001664201,6008889.551,48.0711,10015,12,10297,1.001500,1.029700
HTTP/3,A_10kB,10000,459,0.001649724,6061620.004,48.4930,10015,12,10297,1.001500,1.029700
HTTP/3,A_10kB,10000,460,0.001691513,5911867.068,47.2949,10015,12,10297,1.001500,1.029700
HTTP/3,A_10kB,10000,461,0.001710417,5846527.485,46.7722,10015,12,10297,1.001500,1.029700
HTTP/3,A_10kB,10000,462,0.001638152,6104439.637,48.8355,10015,12,10297,1.001500,1.029700
HTTP/3,A_10kB,10000,463,0.001794445,5572753.692,44.5820,10015,12,10325,1.001500,1.032500
HTTP/3,A_10kB,10000,464,0.001677215,5962264.826,47.6981,10015,12,10297,1.001500,1.029700
HTTP/3,A_10kB,10000,465,0.001610661,6208631.115,49.6690,10015,12,10297,1.001500,1.029700
HTTP/3,A_10kB,10000,466,0.001819412,5496281.216,43.9702,10015,12,10325,1.001500,1.032500
HTTP/3,A_10kB,10000,467,0.001659592,6025577.371,48.2046,10015,12,10297,1.001500,1.029700
HTTP/3,A_10kB,10000,468,0.001703645,5869767.469,46.9581,10015,12,10297,1.001500,1.029700
HTTP/3,A_10kB,10000,469,0.001629686,6136151.381,49.0892,10015,12,10297,1.001500,1.029700
HTTP/3,A_10kB,10000,470,0.001836663,5444656.968,43.5573,10015,12,10325,1.001500,1.032500
HTTP/3,A_10kB,10000,471,0.001739993,5747149.557,45.9772,10015,12,10324,1.001500,1.032400
HTTP/3,A_10kB,10000,472,0.001799164,5558137.001,44.4651,10015,12,10297,1.001500,1.029700
HTTP/3,A_10kB,10000,473,0.001598628,6255363.975,50.0429,10015,12,10297,1.001500,1.029700
HTTP/3,A_10kB,10000,474,0.001681012,5948797.510,47.5904,10015,12,10297,1.001500,1.029700
HTTP/3,A_10kB,10000,475,0.001760471,5680298.056,45.4424,10015,12,10297,1.001500,1.029700
HTTP/3,A_10kB,10000,476,0.001629346,6137431.828,49.0995,10015,12,10297,1.001500,1.029700
HTTP/3,A_10kB,10000,477,0.001825433,5478152.307,43.8252,10015,12,10325,1.001500,1.032500
HTTP/3,A_10kB,10000,478,0.001660695,6021575.304,48.1726,10015,12,10297,1.001500,1.029700
HTTP/3,A_10kB,10000,479,0.001707101,5857884.214,46.8631,10015,12,10297,1.001500,1.029700
HTTP/3,A_10kB,10000,480,0.001641619,6091547.429,48.7324,10015,12,10297,1.001500,1.029700
HTTP/3,A_10kB,10000,481,0.001674971,5970252.620,47.7620,10015,12,10297,1.001500,1.029700
HTTP/3,A_10kB,10000,482,0.001709886,5848343.106,46.7867,10015,12,10297,1.001500,1.029700
HTTP/3,A_10kB,10000,483,0.001625349,6152524.781,49.2202,10015,12,10297,1.001500,1.029700
HTTP/3,A_10kB,10000,484,0.001824591,5480680.328,43.8454,10015,12,10297,1.001500,1.029700
HTTP/3,A_10kB,10000,485,0.001716058,5827308.868,46.6185,10015,12,10297,1.001500,1.029700
HTTP/3,A_10kB,10000,486,0.001683858,5938743.053,47.5099,10015,12,10297,1.001500,1.029700
HTTP/3,A_10kB,10000,487,0.001640206,6096795.158,48.7744,10015,12,10297,1.001500,1.029700
HTTP/3,A_10kB,10000,488,0.001716369,5826252.980,46.6100,10015,12,10297,1.001500,1.029700
HTTP/3,A_10kB,10000,489,0.001830633,5462591.355,43.7007,10015,12,10297,1.001500,1.029700
HTTP/3,A_10kB,10000,490,0.001607094,6222411.384,49.7793,10015,12,10297,1.001500,1.029700
HTTP/3,A_10kB,10000,491,0.001677917,5959770.359,47.6782,10015,12,10297,1.001500,1.029700
HTTP/3,A_10kB,10000,492,0.001698375,5887981.158,47.1038,10015,12,10297,1.001500,1.029700
HTTP/3,A_10kB,10000,493,0.001856761,5385722.772,43.0858,10015,12,10297,1.001500,1.029700
HTTP/3,A_10kB,10000,494,0.001619437,6174985.504,49.3999,10015,12,10297,1.001500,1.029700
HTTP/3,A_10kB,10000,495,0.001658531,6029432.069,48.2355,10015,12,10297,1.001500,1.029700
HTTP/3,A_10kB,10000,496,0.001695721,5897196.532,47.1776,10015,12,10297,1.001500,1.029700
HTTP/3,A_10kB,10000,497,0.001649614,6062024.207,48.4962,10015,12,10297,1.001500,1.029700
HTTP/3,A_10kB,10000,498,0.001659052,6027538.619,48.2203,10015,12,10297,1.001500,1.029700
HTTP/3,A_10kB,10000,499,0.001863824,5365313.463,42.9225,10015,12,10325,1.001500,1.032500
HTTP/3,A_10kB,10000,500,0.001751905,5708072.070,45.6646,10015,12,10324,1.001500,1.032400
HTTP/3,A_10kB,10000,501,0.002054472,4867430.658,38.9394,10015,12,10297,1.001500,1.029700
HTTP/3,A_10kB,10000,502,0.001894221,5279215.044,42.2337,10015,12,10324,1.001500,1.032400
HTTP/3,A_10kB,10000,503,0.001737608,5755037.960,46.0403,10015,12,10297,1.001500,1.029700
HTTP/3,A_10kB,10000,504,0.001807428,5532723.848,44.2618,10015,12,10297,1.001500,1.029700
HTTP/3,A_10kB,10000,505,0.001919589,5209448.481,41.6756,10015,12,10297,1.001500,1.029700
HTTP/3,A_10kB,10000,506,0.002713323,3685517.721,29.4841,10015,12,10325,1.001500,1.032500
HTTP/3,A_10kB,10000,507,0.001746075,5727130.851,45.8170,10015,12,10324,1.001500,1.032400
HTTP/3,A_10kB,10000,508,0.001768696,5653882.861,45.2311,10015,12,10297,1.001500,1.029700
HTTP/3,A_10kB,10000,509,0.001608156,6218302.205,49.7464,10015,12,10297,1.001500,1.029700
HTTP/3,A_10kB,10000,510,0.001683276,5940796.399,47.5264,10015,12,10297,1.001500,1.029700
HTTP/3,A_10kB,10000,511,0.001605421,6228895.723,49.8312,10015,12,10297,1.001500,1.029700
HTTP/3,A_10kB,10000,512,0.002084886,4796425.320,38.3714,10015,12,10325,1.001500,1.032500
HTTP/3,A_10kB,10000,513,0.001619407,6175099.897,49.4008,10015,12,10300,1.001500,1.030000
HTTP/3,A_10kB,10000,514,0.001720106,5813595.209,46.5088,10015,12,10297,1.001500,1.029700
HTTP/3,A_10kB,10000,515,0.001692093,5909840.653,47.2787,10015,12,10297,1.001500,1.029700
HTTP/3,A_10kB,10000,516,0.001638433,6103392.693,48.8271,10015,12,10297,1.001500,1.029700
HTTP/3,A_10kB,10000,517,0.001675272,5969179.930,47.7534,10015,12,10297,1.001500,1.029700
HTTP/3,A_10kB,10000,518,0.001858875,5379597.875,43.0368,10015,12,10297,1.001500,1.029700
HTTP/3,A_10kB,10000,519,0.002492900,4011392.354,32.0911,10015,12,10324,1.001500,1.032400
HTTP/3,A_10kB,10000,520,0.002926721,3416793.060,27.3343,10015,12,10324,1.001500,1.032400
HTTP/3,A_10kB,10000,521,0.005655503,1768189.319,14.1455,10015,12,10324,1.001500,1.032400
HTTP/3,A_10kB,10000,522,0.006072342,1646811.066,13.1745,10015,12,10358,1.001500,1.035800
HTTP/3,A_10kB,10000,523,0.002765480,3616008.794,28.9281,10015,12,10324,1.001500,1.032400
HTTP/3,A_10kB,10000,524,0.003480046,2873525.235,22.9882,10015,12,10358,1.001500,1.035800
HTTP/3,A_10kB,10000,525,0.003562340,2807143.619,22.4571,10015,12,10325,1.001500,1.032500
HTTP/3,A_10kB,10000,526,0.003135211,3189577.990,25.5166,10015,12,10358,1.001500,1.035800
HTTP/3,A_10kB,10000,527,0.003333773,2999604.352,23.9968,10015,12,10324,1.001500,1.032400
HTTP/3,A_10kB,10000,528,0.002087384,4790685.375,38.3255,10015,12,10324,1.001500,1.032400
HTTP/3,A_10kB,10000,529,0.002014396,4964267.205,39.7141,10015,12,10291,1.001500,1.029100
HTTP/3,A_10kB,10000,530,0.001636509,6110568.289,48.8845,10015,12,10324,1.001500,1.032400
HTTP/3,A_10kB,10000,531,0.001947491,5134811.920,41.0785,10015,12,10357,1.001500,1.035700
HTTP/3,A_10kB,10000,532,0.001625439,6152184.118,49.2175,10015,12,10291,1.001500,1.029100
HTTP/3,A_10kB,10000,533,0.001785188,5601650.919,44.8132,10015,12,10297,1.001500,1.029700
HTTP/3,A_10kB,10000,534,0.001618005,6180450.617,49.4436,10015,12,10297,1.001500,1.029700
HTTP/3,A_10kB,10000,535,0.001703916,5868833.910,46.9507,10015,12,10297,1.001500,1.029700
HTTP/3,A_10kB,10000,536,0.001712061,5840913.379,46.7273,10015,12,10297,1.001500,1.029700
HTTP/3,A_10kB,10000,537,0.001629817,6135658.176,49.0853,10015,12,10297,1.001500,1.029700
HTTP/3,A_10kB,10000,538,0.002457955,4068422.734,32.5474,10015,12,10297,1.001500,1.029700
HTTP/3,A_10kB,10000,539,0.002621210,3815031.989,30.5203,10015,12,10324,1.001500,1.032400
HTTP/3,A_10kB,10000,540,0.002687532,3720885.928,29.7671,10015,12,10324,1.001500,1.032400
HTTP/3,A_10kB,10000,541,0.001612744,6200612.124,49.6049,10015,12,10291,1.001500,1.029100
HTTP/3,A_10kB,10000,542,0.002123923,4708268.614,37.6661,10015,12,10297,1.001500,1.029700
HTTP/3,A_10kB,10000,543,0.001826174,5475929.457,43.8074,10015,12,10297,1.001500,1.029700
HTTP/3,A_10kB,10000,544,0.001599600,6251562.891,50.0125,10015,12,10297,1.001500,1.029700
HTTP/3,A_10kB,10000,545,0.001832336,5457514.342,43.6601,10015,12,10325,1.001500,1.032500
HTTP/3,A_10kB,10000,546,0.001668479,5993482.687,47.9479,10015,12,10297,1.001500,1.029700
HTTP/3,A_10kB,10000,547,0.001682034,5945183.034,47.5615,10015,12,10297,1.001500,1.029700
HTTP/3,A_10kB,10000,548,0.001642280,6089095.648,48.7128,10015,12,10297,1.001500,1.029700
HTTP/3,A_10kB,10000,549,0.001686683,5928796.342,47.4304,10015,12,10297,1.001500,1.029700
HTTP/3,A_10kB,10000,550,0.001668489,5993446.766,47.9476,10015,12,10297,1.001500,1.029700
HTTP/3,A_10kB,10000,551,0.001794334,5573098.431,44.5848,10015,12,10325,1.001500,1.032500
HTTP/3,A_10kB,10000,552,0.001676865,5963509.287,47.7081,10015,12,10297,1.001500,1.029700
HTTP/3,A_10kB,10000,553,0.001683037,5941640.023,47.5331,10015,12,10297,1.001500,1.029700
HTTP/3,A_10kB,10000,554,0.001622383,6163772.673,49.3102,10015,12,10297,1.001500,1.029700
HTTP/3,A_10kB,10000,555,0.001943122,5146357.254,41.1709,10015,12,10325,1.001500,1.032500
HTTP/3,A_10kB,10000,556,0.001630428,6133358.848,49.0669,10015,12,10297,1.001500,1.029700
HTTP/3,A_10kB,10000,557,0.001846212,5416496.047,43.3320,10015,12,10325,1.001500,1.032500
HTTP/3,A_10kB,10000,558,0.001735224,5762944.727,46.1036,10015,12,10297,1.001500,1.029700
HTTP/3,A_10kB,10000,559,0.001639935,6097802.657,48.7824,10015,12,10297,1.001500,1.029700
HTTP/3,A_10kB,10000,560,0.001818410,5499309.837,43.9945,10015,12,10325,1.001500,1.032500
HTTP/3,A_10kB,10000,561,0.001664952,6006179.157,48.0494,10015,12,10297,1.001500,1.029700
HTTP/3,A_10kB,10000,562,0.001640076,6097278.419,48.7782,10015,12,10297,1.001500,1.029700
HTTP/3,A_10kB,10000,563,0.001865879,5359404.334,42.8752,10015,12,10325,1.001500,1.032500
HTTP/3,A_10kB,10000,564,0.001655625,6040015.100,48.3201,10015,12,10297,1.001500,1.029700
HTTP/3,A_10kB,10000,565,0.001694719,5900683.240,47.2055,10015,12,10297,1.001500,1.029700
HTTP/3,A_10kB,10000,566,0.001610341,6209864.867,49.6789,10015,12,10297,1.001500,1.029700
HTTP/3,A_10kB,10000,567,0.001822387,5487308.678,43.8985,10015,12,10325,1.001500,1.032500
HTTP/3,A_10kB,10000,568,0.001690841,5914216.653,47.3137,10015,12,10297,1.001500,1.029700
HTTP/3,A_10kB,10000,569,0.001691452,5912080.271,47.2966,10015,12,10297,1.001500,1.029700
HTTP/3,A_10kB,10000,570,0.001654634,6043632.610,48.3491,10015,12,10297,1.001500,1.029700
HTTP/3,A_10kB,10000,571,0.001698275,5888327.863,47.1066,10015,12,10297,1.001500,1.029700
HTTP/3,A_10kB,10000,572,0.001703605,5869905.289,46.9592,10015,12,10297,1.001500,1.029700
HTTP/3,A_10kB,10000,573,0.001635377,6114797.995,48.9184,10015,12,10297,1.001500,1.029700
HTTP/3,A_10kB,10000,574,0.001680021,5952306.548,47.6185,10015,12,10297,1.001500,1.029700
HTTP/3,A_10kB,10000,575,0.001687855,5924679.549,47.3974,10015,12,10297,1.001500,1.029700
HTTP/3,A_10kB,10000,576,0.001651187,6056249.231,48.4500,10015,12,10297,1.001500,1.029700
HTTP/3,A_10kB,10000,577,0.001848897,5408630.119,43.2690,10015,12,10325,1.001500,1.032500
HTTP/3,A_10kB,10000,578,0.001680461,5950748.039,47.6060,10015,12,10297,1.001500,1.029700
HTTP/3,A_10kB,10000,579,0.001711820,5841735.696,46.7339,10015,12,10297,1.001500,1.029700
HTTP/3,A_10kB,10000,580,0.001735643,5761553.500,46.0924,10015,12,10297,1.001500,1.029700
HTTP/3,A_10kB,10000,581,0.001841462,5430467.748,43.4437,10015,12,10325,1.001500,1.032500
HTTP/3,A_10kB,10000,582,0.001673488,5975543.296,47.8043,10015,12,10297,1.001500,1.029700
HTTP/3,A_10kB,10000,583,0.001690791,5914391.548,47.3151,10015,12,10297,1.001500,1.029700
HTTP/3,A_10kB,10000,584,0.001643492,6084605.219,48.6768,10015,12,10297,1.001500,1.029700
HTTP/3,A_10kB,10000,585,0.001812178,5518221.720,44.1458,10015,12,10325,1.001500,1.032500
HTTP/3,A_10kB,10000,586,0.001675623,5967929.540,47.7434,10015,12,10297,1.001500,1.029700
HTTP/3,A_10kB,10000,587,0.001650105,6060220.410,48.4818,10015,12,10297,1.001500,1.029700
HTTP/3,A_10kB,10000,588,0.001655255,6041365.227,48.3309,10015,12,10297,1.001500,1.029700
HTTP/3,A_10kB,10000,589,0.001843266,5425152.962,43.4012,10015,12,10325,1.001500,1.032500
HTTP/3,A_10kB,10000,590,0.001860168,5375858.524,43.0069,10015,12,10297,1.001500,1.029700
HTTP/3,A_10kB,10000,591,0.001836133,5446228.568,43.5698,10015,12,10324,1.001500,1.032400
HTTP/3,A_10kB,10000,592,0.001813871,5513071.216,44.1046,10015,12,10297,1.001500,1.029700
HTTP/3,A_10kB,10000,593,0.001583810,6313888.662,50.5111,10015,12,10297,1.001500,1.029700
HTTP/3,A_10kB,10000,594,0.001695119,5899290.846,47.1943,10015,12,10297,1.001500,1.029700
HTTP/3,A_10kB,10000,595,0.001650526,6058674.628,48.4694,10015,12,10297,1.001500,1.029700
HTTP/3,A_10kB,10000,596,0.001629306,6137582.505,49.1007,10015,12,10297,1.001500,1.029700
HTTP/3,A_10kB,10000,597,0.001843787,5423619.973,43.3890,10015,12,10325,1.001500,1.032500
HTTP/3,A_10kB,10000,598,0.001663791,6010370.294,48.0830,10015,12,10297,1.001500,1.029700
HTTP/3,A_10kB,10000,599,0.001667367,5997479.859,47.9798,10015,12,10297,1.001500,1.029700
HTTP/3,A_10kB,10000,600,0.001635859,6112996.291,48.9040,10015,12,10297,1.001500,1.029700
HTTP/3,A_10kB,10000,601,0.001924259,5196805.628,41.5744,10015,12,10297,1.001500,1.029700
HTTP/3,A_10kB,10000,602,0.001694518,5901383.166,47.2111,10015,12,10297,1.001500,1.029700
HTTP/3,A_10kB,10000,603,0.001829010,5467438.669,43.7395,10015,12,10297,1.001500,1.029700
HTTP/3,A_10kB,10000,604,0.002625687,3808527.063,30.4682,10015,12,10324,1.001500,1.032400
HTTP/3,A_10kB,10000,605,0.002955445,3383585.213,27.0687,10015,12,10357,1.001500,1.035700
HTTP/3,A_10kB,10000,606,0.001606994,6222798.592,49.7824,10015,12,10291,1.001500,1.029100
HTTP/3,A_10kB,10000,607,0.001772123,5642949.164,45.1436,10015,12,10297,1.001500,1.029700
HTTP/3,A_10kB,10000,608,0.001595613,6267183.835,50.1375,10015,12,10297,1.001500,1.029700
HTTP/3,A_10kB,10000,609,0.001838397,5439521.496,43.5162,10015,12,10297,1.001500,1.029700
HTTP/3,A_10kB,10000,610,0.001701671,5876576.612,47.0126,10015,12,10297,1.001500,1.029700
HTTP/3,A_10kB,10000,611,0.001627212,6145480.737,49.1638,10015,12,10297,1.001500,1.029700
HTTP/3,A_10kB,10000,612,0.001824761,5480169.732,43.8414,10015,12,10325,1.001500,1.032500
HTTP/3,A_10kB,10000,613,0.001681935,5945532.973,47.5643,10015,12,10297,1.001500,1.029700
HTTP/3,A_10kB,10000,614,0.001679219,5955149.387,47.6412,10015,12,10297,1.001500,1.029700
HTTP/3,A_10kB,10000,615,0.001634465,6118209.935,48.9457,10015,12,10297,1.001500,1.029700
HTTP/3,A_10kB,10000,616,0.001814944,5509811.873,44.0785,10015,12,10325,1.001500,1.032500
HTTP/3,A_10kB,10000,617,0.001678258,5958559.412,47.6685,10015,12,10297,1.001500,1.029700
HTTP/3,A_10kB,10000,618,0.001653250,6048691.971,48.3895,10015,12,10297,1.001500,1.029700
HTTP/3,A_10kB,10000,619,0.001655796,6039391.326,48.3151,10015,12,10297,1.001500,1.029700
HTTP/3,A_10kB,10000,620,0.002116386,4725035.981,37.8003,10015,12,10325,1.001500,1.032500
HTTP/3,A_10kB,10000,621,0.002730214,3662716.549,29.3017,10015,12,10324,1.001500,1.032400
HTTP/3,A_10kB,10000,622,0.003315017,3016575.782,24.1326,10015,12,10358,1.001500,1.035800
HTTP/3,A_10kB,10000,623,0.001805465,5538739.328,44.3099,10015,12,10325,1.001500,1.032500
HTTP/3,A_10kB,10000,624,0.001674060,5973501.547,47.7880,10015,12,10297,1.001500,1.029700
HTTP/3,A_10kB,10000,625,0.001640257,6096605.593,48.7728,10015,12,10297,1.001500,1.029700
HTTP/3,A_10kB,10000,626,0.001649103,6063902.618,48.5112,10015,12,10297,1.001500,1.029700
HTTP/3,A_10kB,10000,627,0.001935629,5166279.282,41.3302,10015,12,10325,1.001500,1.032500
HTTP/3,A_10kB,10000,628,0.001641659,6091399.005,48.7312,10015,12,10297,1.001500,1.029700
HTTP/3,A_10kB,10000,629,0.001676615,5964398.505,47.7152,10015,12,10297,1.001500,1.029700
HTTP/3,A_10kB,10000,630,0.001653531,6047664.059,48.3813,10015,12,10297,1.001500,1.029700
HTTP/3,A_10kB,10000,631,0.001857773,5382788.963,43.0623,10015,12,10325,1.001500,1.032500
HTTP/3,A_10kB,10000,632,0.001792721,5578112.824,44.6249,10015,12,10297,1.001500,1.029700
HTTP/3,A_10kB,10000,633,0.001616041,6187961.815,49.5037,10015,12,10297,1.001500,1.029700
HTTP/3,A_10kB,10000,634,0.001831935,5458708.960,43.6697,10015,12,10297,1.001500,1.029700
HTTP/3,A_10kB,10000,635,0.001667417,5997300.016,47.9784,10015,12,10297,1.001500,1.029700
HTTP/3,A_10kB,10000,636,0.001671595,5982310.309,47.8585,10015,12,10297,1.001500,1.029700
HTTP/3,A_10kB,10000,637,0.001640797,6094599.148,48.7568,10015,12,10297,1.001500,1.029700
HTTP/3,A_10kB,10000,638,0.001824270,5481644.713,43.8532,10015,12,10325,1.001500,1.032500
HTTP/3,A_10kB,10000,639,0.001663650,6010879.692,48.0870,10015,12,10297,1.001500,1.029700
HTTP/3,A_10kB,10000,640,0.001608026,6218804.920,49.7504,10015,12,10297,1.001500,1.029700
HTTP/3,A_10kB,10000,641,0.001842695,5426834.066,43.4147,10015,12,10325,1.001500,1.032500
HTTP/3,A_10kB,10000,642,0.001676995,5963046.998,47.7044,10015,12,10297,1.001500,1.029700
HTTP/3,A_10kB,10000,643,0.001693597,5904592.415,47.2367,10015,12,10297,1.001500,1.029700
HTTP/3,A_10kB,10000,644,0.001632131,6126959.172,49.0157,10015,12,10297,1.001500,1.029700
HTTP/3,A_10kB,10000,645,0.001826434,5475149.937,43.8012,10015,12,10325,1.001500,1.032500
HTTP/3,A_10kB,10000,646,0.001775339,5632727.045,45.0618,10015,12,10297,1.001500,1.029700
HTTP/3,A_10kB,10000,647,0.001650436,6059005.014,48.4720,10015,12,10297,1.001500,1.029700
HTTP/3,A_10kB,10000,648,0.001793613,5575338.716,44.6027,10015,12,10325,1.001500,1.032500
HTTP/3,A_10kB,10000,649,0.001640788,6094632.579,48.7571,10015,12,10297,1.001500,1.029700
HTTP/3,A_10kB,10000,650,0.004033923,2478976.421,19.8318,10015,12,10297,1.001500,1.029700
HTTP/3,A_10kB,10000,651,0.002300720,4346465.454,34.7717,10015,12,10297,1.001500,1.029700
HTTP/3,A_10kB,10000,652,0.002588008,3863975.691,30.9118,10015,12,10325,1.001500,1.032500
HTTP/3,A_10kB,10000,653,0.001770920,5646782.464,45.1743,10015,12,10324,1.001500,1.032400
HTTP/3,A_10kB,10000,654,0.001837786,5441329.948,43.5306,10015,12,10297,1.001500,1.029700
HTTP/3,A_10kB,10000,655,0.001631530,6129216.135,49.0337,10015,12,10297,1.001500,1.029700
HTTP/3,A_10kB,10000,656,0.001701641,5876680.216,47.0134,10015,12,10297,1.001500,1.029700
HTTP/3,A_10kB,10000,657,0.001723482,5802207.392,46.4177,10015,12,10297,1.001500,1.029700
HTTP/3,A_10kB,10000,658,0.001635828,6113112.137,48.9049,10015,12,10297,1.001500,1.029700
HTTP/3,A_10kB,10000,659,0.001850851,5402920.062,43.2234,10015,12,10325,1.001500,1.032500
HTTP/3,A_10kB,10000,660,0.001673859,5974218.856,47.7938,10015,12,10297,1.001500,1.029700
HTTP/3,A_10kB,10000,661,0.001658982,6027792.948,48.2223,10015,12,10297,1.001500,1.029700
HTTP/3,A_10kB,10000,662,0.001812748,5516486.572,44.1319,10015,12,10325,1.001500,1.032500
HTTP/3,A_10kB,10000,663,0.001641229,6092994.945,48.7440,10015,12,10297,1.001500,1.029700
HTTP/3,A_10kB,10000,664,0.003023274,3307672.411,26.4614,10015,12,10297,1.001500,1.029700
HTTP/3,A_10kB,10000,665,0.001758928,5685281.035,45.4822,10015,12,10325,1.001500,1.032500
HTTP/3,A_10kB,10000,666,0.001614068,6195525.839,49.5642,10015,12,10297,1.001500,1.029700
HTTP/3,A_10kB,10000,667,0.001727419,5788983.449,46.3119,10015,12,10324,1.001500,1.032400
HTTP/3,A_10kB,10000,668,0.001697594,5890690.000,47.1255,10015,12,10297,1.001500,1.029700
HTTP/3,A_10kB,10000,669,0.001671244,5983566.733,47.8685,10015,12,10297,1.001500,1.029700
HTTP/3,A_10kB,10000,670,0.001657789,6032130.747,48.2570,10015,12,10297,1.001500,1.029700
HTTP/3,A_10kB,10000,671,0.001728261,5786163.086,46.2893,10015,12,10325,1.001500,1.032500
HTTP/3,A_10kB,10000,672,0.001672407,5979405.731,47.8352,10015,12,10297,1.001500,1.029700
HTTP/3,A_10kB,10000,673,0.001695650,5897443.459,47.1795,10015,12,10297,1.001500,1.029700
HTTP/3,A_10kB,10000,674,0.001923194,5199683.443,41.5975,10015,12,10297,1.001500,1.029700
HTTP/3,A_10kB,10000,675,0.001690961,5913796.948,47.3104,10015,12,10297,1.001500,1.029700
HTTP/3,A_10kB,10000,676,0.001687856,5924676.039,47.3974,10015,12,10297,1.001500,1.029700
HTTP/3,A_10kB,10000,677,0.001656697,6036106.783,48.2889,10015,12,10297,1.001500,1.029700
HTTP/3,A_10kB,10000,678,0.001731447,5775516.086,46.2041,10015,12,10324,1.001500,1.032400
HTTP/3,A_10kB,10000,679,0.001687364,5926403.549,47.4112,10015,12,10297,1.001500,1.029700
HTTP/3,A_10kB,10000,680,0.001622693,6162595.143,49.3008,10015,12,10297,1.001500,1.029700
HTTP/3,A_10kB,10000,681,0.001674841,5970716.026,47.7657,10015,12,10297,1.001500,1.029700
HTTP/3,A_10kB,10000,682,0.001756785,5692216.179,45.5377,10015,12,10325,1.001500,1.032500
HTTP/3,A_10kB,10000,683,0.001673468,5975614.711,47.8049,10015,12,10297,1.001500,1.029700
HTTP/3,A_10kB,10000,684,0.001622363,6163848.658,49.3108,10015,12,10297,1.001500,1.029700
HTTP/3,A_10kB,10000,685,0.001729403,5782342.231,46.2587,10015,12,10325,1.001500,1.032500
HTTP/3,A_10kB,10000,686,0.001769488,5651352.255,45.2108,10015,12,10297,1.001500,1.029700
HTTP/3,A_10kB,10000,687,0.002464888,4056979.465,32.4558,10015,12,10297,1.001500,1.029700
HTTP/3,A_10kB,10000,688,0.003702992,2700518.932,21.6042,10015,12,10325,1.001500,1.032500
HTTP/3,A_10kB,10000,689,0.003418140,2925567.706,23.4045,10015,12,10357,1.001500,1.035700
HTTP/3,A_10kB,10000,690,0.002789905,3584351.439,28.6748,10015,12,10297,1.001500,1.029700
HTTP/3,A_10kB,10000,691,0.002963079,3374867.832,26.9989,10015,12,10324,1.001500,1.032400
HTTP/3,A_10kB,10000,692,0.003276355,3052172.307,24.4174,10015,12,10358,1.001500,1.035800
HTTP/3,A_10kB,10000,693,0.002077425,4813651.516,38.5092,10015,12,10324,1.001500,1.032400
HTTP/3,A_10kB,10000,694,0.002197025,4551609.563,36.4129,10015,12,10291,1.001500,1.029100
HTTP/3,A_10kB,10000,695,0.003623915,2759446.620,22.0756,10015,12,10357,1.001500,1.035700
HTTP/3,A_10kB,10000,696,0.003445762,2902115.700,23.2169,10015,12,10325,1.001500,1.032500
HTTP/3,A_10kB,10000,697,0.003126765,3198193.660,25.5855,10015,12,10324,1.001500,1.032400
HTTP/3,A_10kB,10000,698,0.004172681,2396540.737,19.1723,10015,12,10358,1.001500,1.035800
HTTP/3,A_10kB,10000,699,0.002958892,3379643.461,27.0371,10015,12,10297,1.001500,1.029700
HTTP/3,A_10kB,10000,700,0.002487410,4020245.959,32.1620,10015,12,10297,1.001500,1.029700
HTTP/3,A_10kB,10000,701,0.002641708,3785429.729,30.2834,10015,12,10297,1.001500,1.029700
HTTP/3,A_10kB,10000,702,0.004241941,2357411.383,18.8593,10015,12,10325,1.001500,1.032500
HTTP/3,A_10kB,10000,703,0.002669240,3746384.739,29.9711,10015,12,10325,1.001500,1.032500
HTTP/3,A_10kB,10000,704,0.004245546,2355409.646,18.8433,10015,12,10357,1.001500,1.035700
HTTP/3,A_10kB,10000,705,0.002997133,3336521.936,26.6922,10015,12,10297,1.001500,1.029700
HTTP/3,A_10kB,10000,706,0.002867321,3487576.034,27.9006,10015,12,10297,1.001500,1.029700
HTTP/3,A_10kB,10000,707,0.004434090,2255254.178,18.0420,10015,12,10297,1.001500,1.029700
HTTP/3,A_10kB,10000,708,0.002159467,4630772.316,37.0462,10015,12,10297,1.001500,1.029700
HTTP/3,A_10kB,10000,709,0.005905450,1693351.057,13.5468,10015,12,10325,1.001500,1.032500
HTTP/3,A_10kB,10000,710,0.003762995,2657457.690,21.2597,10015,12,10358,1.001500,1.035800
HTTP/3,A_10kB,10000,711,0.006028910,1658674.619,13.2694,10015,12,10358,1.001500,1.035800
HTTP/3,A_10kB,10000,712,0.002683416,3726593.268,29.8127,10015,12,10325,1.001500,1.032500
HTTP/3,A_10kB,10000,713,0.005642869,1772148.175,14.1772,10015,12,10358,1.001500,1.035800
HTTP/3,A_10kB,10000,714,0.002134440,4685069.620,37.4806,10015,12,10297,1.001500,1.029700
HTTP/3,A_10kB,10000,715,0.004915589,2034344.206,16.2748,10015,12,10291,1.001500,1.029100
HTTP/3,A_10kB,10000,716,0.004591624,2177878.676,17.4230,10015,12,10324,1.001500,1.032400
HTTP/3,A_10kB,10000,717,0.003081501,3245171.752,25.9614,10015,12,10324,1.001500,1.032400
HTTP/3,A_10kB,10000,718,0.004729120,2114558.311,16.9165,10015,12,10324,1.001500,1.032400
HTTP/3,A_10kB,10000,719,0.004082492,2449484.285,19.5959,10015,12,10358,1.001500,1.035800
HTTP/3,A_10kB,10000,720,0.003150580,3174018.752,25.3922,10015,12,10325,1.001500,1.032500
HTTP/3,A_10kB,10000,721,0.004690699,2131878.426,17.0550,10015,12,10297,1.001500,1.029700
HTTP/3,A_10kB,10000,722,0.005267647,1898380.814,15.1870,10015,12,10297,1.001500,1.029700
HTTP/3,A_10kB,10000,723,0.004418961,2262975.392,18.1038,10015,12,10297,1.001500,1.029700
HTTP/3,A_10kB,10000,724,0.014356780,696535.017,5.5723,10015,12,10325,1.001500,1.032500
HTTP/3,A_10kB,10000,725,0.009770606,1023477.971,8.1878,10015,12,10357,1.001500,1.035700
HTTP/3,A_10kB,10000,726,0.007425783,1346659.335,10.7733,10015,12,10358,1.001500,1.035800
HTTP/3,A_10kB,10000,727,0.010109972,989122.423,7.9130,10015,12,10359,1.001500,1.035900
HTTP/3,A_10kB,10000,728,0.004504671,2219917.947,17.7593,10015,12,10298,1.001500,1.029800
HTTP/3,A_10kB,10000,729,0.004997533,2000987.287,16.0079,10015,12,10358,1.001500,1.035800
HTTP/3,A_10kB,10000,730,0.003640735,2746698.125,21.9736,10015,12,10358,1.001500,1.035800
HTTP/3,A_10kB,10000,731,0.003256099,3071159.691,24.5693,10015,12,10297,1.001500,1.029700
HTTP/3,A_10kB,10000,732,0.003569463,2801541.857,22.4123,10015,12,10297,1.001500,1.029700
HTTP/3,A_10kB,10000,733,0.004169805,2398193.680,19.1855,10015,12,10297,1.001500,1.029700
HTTP/3,A_10kB,10000,734,0.003784295,2642500.122,21.1400,10015,12,10330,1.001500,1.033000
HTTP/3,A_10kB,10000,735,0.002823849,3541265.840,28.3301,10015,12,10325,1.001500,1.032500
HTTP/3,A_10kB,10000,736,0.003488812,2866305.207,22.9304,10015,12,10357,1.001500,1.035700
HTTP/3,A_10kB,10000,737,0.002989379,3345176.373,26.7614,10015,12,10324,1.001500,1.032400
HTTP/3,A_10kB,10000,738,0.003145811,3178830.514,25.4306,10015,12,10324,1.001500,1.032400
HTTP/3,A_10kB,10000,739,0.003311290,3019971.069,24.1598,10015,12,10291,1.001500,1.029100
HTTP/3,A_10kB,10000,740,0.007637989,1309245.143,10.4740,10015,12,10358,1.001500,1.035800
HTTP/3,A_10kB,10000,741,0.002680551,3730576.288,29.8446,10015,12,10297,1.001500,1.029700
HTTP/3,A_10kB,10000,742,0.003996141,2502414.204,20.0193,10015,12,10358,1.001500,1.035800
HTTP/3,A_10kB,10000,743,0.002603257,3841341.827,30.7307,10015,12,10297,1.001500,1.029700
HTTP/3,A_10kB,10000,744,0.002732208,3660043.452,29.2803,10015,12,10297,1.001500,1.029700
HTTP/3,A_10kB,10000,745,0.003106668,3218882.739,25.7511,10015,12,10325,1.001500,1.032500
HTTP/3,A_10kB,10000,746,0.002994346,3339627.418,26.7170,10015,12,10359,1.001500,1.035900
HTTP/3,A_10kB,10000,747,0.001675362,5968859.267,47.7509,10015,12,10297,1.001500,1.029700
HTTP/3,A_10kB,10000,748,0.001754971,5698099.855,45.5848,10015,12,10297,1.001500,1.029700
HTTP/3,A_10kB,10000,749,0.001658200,6030635.630,48.2451,10015,12,10297,1.001500,1.029700
HTTP/3,A_10kB,10000,750,0.001642410,6088613.684,48.7089,10015,12,10297,1.001500,1.029700
HTTP/3,A_10kB,10000,751,0.001674531,5971821.364,47.7746,10015,12,10297,1.001500,1.029700
HTTP/3,A_10kB,10000,752,0.001633203,6122937.565,48.9835,10015,12,10297,1.001500,1.029700
HTTP/3,A_10kB,10000,753,0.001681263,5947909.399,47.5833,10015,12,10324,1.001500,1.032400
HTTP/3,A_10kB,10000,754,0.001659512,6025867.846,48.2069,10015,12,10297,1.001500,1.029700
HTTP/3,A_10kB,10000,755,0.001716689,5825166.935,46.6013,10015,12,10325,1.001500,1.032500
HTTP/3,A_10kB,10000,756,0.001671905,5981201.084,47.8496,10015,12,10297,1.001500,1.029700
HTTP/3,A_10kB,10000,757,0.001629737,6135959.360,49.0877,10015,12,10297,1.001500,1.029700
HTTP/3,A_10kB,10000,758,0.001753498,5702886.459,45.6231,10015,12,10325,1.001500,1.032500
HTTP/3,A_10kB,10000,759,0.001619228,6175782.533,49.4063,10015,12,10297,1.001500,1.029700
HTTP/3,A_10kB,10000,760,0.001736346,5759220.800,46.0738,10015,12,10324,1.001500,1.032400
HTTP/3,A_10kB,10000,761,0.001687645,5925416.779,47.4033,10015,12,10297,1.001500,1.029700
HTTP/3,A_10kB,10000,762,0.001638393,6103541.702,48.8283,10015,12,10297,1.001500,1.029700
HTTP/3,A_10kB,10000,763,0.001660033,6023976.632,48.1918,10015,12,10297,1.001500,1.029700
HTTP/3,A_10kB,10000,764,0.001765350,5664599.088,45.3168,10015,12,10325,1.001500,1.032500
HTTP/3,A_10kB,10000,765,0.001660775,6021285.244,48.1703,10015,12,10297,1.001500,1.029700
HTTP/3,A_10kB,10000,766,0.001735224,5762944.727,46.1036,10015,12,10297,1.001500,1.029700
HTTP/3,A_10kB,10000,767,0.001696362,5894968.173,47.1597,10015,12,10324,1.001500,1.032400
HTTP/3,A_10kB,10000,768,0.001687845,5924714.651,47.3977,10015,12,10297,1.001500,1.029700
HTTP/3,A_10kB,10000,769,0.001633805,6120681.476,48.9655,10015,12,10297,1.001500,1.029700
HTTP/3,A_10kB,10000,770,0.001717741,5821599.415,46.5728,10015,12,10324,1.001500,1.032400
HTTP/3,A_10kB,10000,771,0.001669411,5990136.640,47.9211,10015,12,10297,1.001500,1.029700
HTTP/3,A_10kB,10000,772,0.001735665,5761480.471,46.0918,10015,12,10324,1.001500,1.032400
HTTP/3,A_10kB,10000,773,0.001623285,6160347.690,49.2828,10015,12,10297,1.001500,1.029700
HTTP/3,A_10kB,10000,774,0.001749501,5715915.567,45.7273,10015,12,10325,1.001500,1.032500
HTTP/3,A_10kB,10000,775,0.001682576,5943267.942,47.5461,10015,12,10297,1.001500,1.029700
HTTP/3,A_10kB,10000,776,0.001625008,6153815.858,49.2305,10015,12,10297,1.001500,1.029700
HTTP/3,A_10kB,10000,777,0.001727570,5788477.456,46.3078,10015,12,10324,1.001500,1.032400
HTTP/3,A_10kB,10000,778,0.001665985,6002455.004,48.0196,10015,12,10297,1.001500,1.029700
HTTP/3,A_10kB,10000,779,0.001704336,5867387.652,46.9391,10015,12,10297,1.001500,1.029700
HTTP/3,A_10kB,10000,780,0.001731748,5774512.227,46.1961,10015,12,10324,1.001500,1.032400
HTTP/3,A_10kB,10000,781,0.001694167,5902605.824,47.2208,10015,12,10297,1.001500,1.029700
HTTP/3,A_10kB,10000,782,0.001605632,6228077.168,49.8246,10015,12,10297,1.001500,1.029700
HTTP/3,A_10kB,10000,783,0.001733100,5770007.501,46.1601,10015,12,10324,1.001500,1.032400
HTTP/3,A_10kB,10000,784,0.001857903,5382412.322,43.0593,10015,12,10297,1.001500,1.029700
HTTP/3,A_10kB,10000,785,0.001683166,5941184.648,47.5295,10015,12,10297,1.001500,1.029700
HTTP/3,A_10kB,10000,786,0.001624457,6155903.172,49.2472,10015,12,10297,1.001500,1.029700
HTTP/3,A_10kB,10000,787,0.001712772,5838488.719,46.7079,10015,12,10324,1.001500,1.032400
HTTP/3,A_10kB,10000,788,0.001668108,5994815.683,47.9585,10015,12,10297,1.001500,1.029700
HTTP/3,A_10kB,10000,789,0.001593889,6273962.616,50.1917,10015,12,10297,1.001500,1.029700
HTTP/3,A_10kB,10000,790,0.001656617,6036398.274,48.2912,10015,12,10324,1.001500,1.032400
HTTP/3,A_10kB,10000,791,0.001990363,5024209.152,40.1937,10015,12,10324,1.001500,1.032400
HTTP/3,A_10kB,10000,792,0.001672406,5979409.306,47.8353,10015,12,10291,1.001500,1.029100
HTTP/3,A_10kB,10000,793,0.001657319,6033841.404,48.2707,10015,12,10297,1.001500,1.029700
HTTP/3,A_10kB,10000,794,0.001950546,5126769.633,41.0142,10015,12,10297,1.001500,1.029700
HTTP/3,A_10kB,10000,795,0.002773615,3605403.057,28.8432,10015,12,10324,1.001500,1.032400
HTTP/3,A_10kB,10000,796,0.002096548,4769745.315,38.1580,10015,12,10324,1.001500,1.032400
HTTP/3,A_10kB,10000,797,0.001989401,5026638.672,40.2131,10015,12,10297,1.001500,1.029700
HTTP/3,A_10kB,10000,798,0.001895855,5274664.993,42.1973,10015,12,10297,1.001500,1.029700
HTTP/3,A_10kB,10000,799,0.002321219,4308081.228,34.4646,10015,12,10324,1.001500,1.032400
HTTP/3,A_10kB,10000,800,0.001554847,6431500.978,51.4520,10015,12,10291,1.001500,1.029100
HTTP/3,A_10kB,10000,801,0.001890985,5288249.246,42.3060,10015,12,10297,1.001500,1.029700
HTTP/3,A_10kB,10000,802,0.002456240,4071263.394,32.5701,10015,12,10297,1.001500,1.029700
HTTP/3,A_10kB,10000,803,0.002956346,3382554.004,27.0604,10015,12,10325,1.001500,1.032500
HTTP/3,A_10kB,10000,804,0.003179965,3144688.699,25.1575,10015,12,10358,1.001500,1.035800
HTTP/3,A_10kB,10000,805,0.001740704,5744802.103,45.9584,10015,12,10324,1.001500,1.032400
HTTP/3,A_10kB,10000,806,0.001635417,6114648.435,48.9172,10015,12,10291,1.001500,1.029100
HTTP/3,A_10kB,10000,807,0.001702453,5873877.282,46.9910,10015,12,10297,1.001500,1.029700
HTTP/3,A_10kB,10000,808,0.001627903,6142872.149,49.1430,10015,12,10297,1.001500,1.029700
HTTP/3,A_10kB,10000,809,0.001756223,5694037.716,45.5523,10015,12,10324,1.001500,1.032400
HTTP/3,A_10kB,10000,810,0.001646408,6073828.602,48.5906,10015,12,10297,1.001500,1.029700
HTTP/3,A_10kB,10000,811,0.002133208,4687775.407,37.5022,10015,12,10324,1.001500,1.032400
HTTP/3,A_10kB,10000,812,0.001774457,5635526.812,45.0842,10015,12,10324,1.001500,1.032400
HTTP/3,A_10kB,10000,813,0.001639885,6097988.578,48.7839,10015,12,10297,1.001500,1.029700
HTTP/3,A_10kB,10000,814,0.001656087,6038330.112,48.3066,10015,12,10297,1.001500,1.029700
HTTP/3,A_10kB,10000,815,0.001841853,5429314.935,43.4345,10015,12,10325,1.001500,1.032500
HTTP/3,A_10kB,10000,816,0.001695389,5898351.351,47.1868,10015,12,10297,1.001500,1.029700
HTTP/3,A_10kB,10000,817,0.001680000,5952380.952,47.6190,10015,12,10297,1.001500,1.029700
HTTP/3,A_10kB,10000,818,0.001669251,5990710.804,47.9257,10015,12,10297,1.001500,1.029700
HTTP/3,A_10kB,10000,819,0.001684960,5934858.988,47.4789,10015,12,10297,1.001500,1.029700
HTTP/3,A_10kB,10000,820,0.003293347,3036424.646,24.2914,10015,12,10297,1.001500,1.029700
HTTP/3,A_10kB,10000,821,0.002339173,4275015.144,34.2001,10015,12,10297,1.001500,1.029700
HTTP/3,A_10kB,10000,822,0.002571309,3889069.730,31.1126,10015,12,10357,1.001500,1.035700
HTTP/3,A_10kB,10000,823,0.001640748,6094781.161,48.7582,10015,12,10291,1.001500,1.029100
HTTP/3,A_10kB,10000,824,0.001833859,5452981.936,43.6239,10015,12,10297,1.001500,1.029700
HTTP/3,A_10kB,10000,825,0.001623505,6159512.906,49.2761,10015,12,10297,1.001500,1.029700
HTTP/3,A_10kB,10000,826,0.001758968,5685151.748,45.4812,10015,12,10297,1.001500,1.029700
HTTP/3,A_10kB,10000,827,0.001693366,5905397.888,47.2432,10015,12,10297,1.001500,1.029700
HTTP/3,A_10kB,10000,828,0.001639034,6101154.704,48.8092,10015,12,10297,1.001500,1.029700
HTTP/3,A_10kB,10000,829,0.001819953,5494647.389,43.9572,10015,12,10325,1.001500,1.032500
HTTP/3,A_10kB,10000,830,0.001677777,5960267.664,47.6821,10015,12,10297,1.001500,1.029700
HTTP/3,A_10kB,10000,831,0.001710528,5846148.090,46.7692,10015,12,10297,1.001500,1.029700
HTTP/3,A_10kB,10000,832,0.001656617,6036398.274,48.2912,10015,12,10297,1.001500,1.029700
HTTP/3,A_10kB,10000,833,0.001825001,5479449.052,43.8356,10015,12,10297,1.001500,1.029700
HTTP/3,A_10kB,10000,834,0.001704647,5866317.191,46.9305,10015,12,10297,1.001500,1.029700
HTTP/3,A_10kB,10000,835,0.001632632,6125079.013,49.0006,10015,12,10297,1.001500,1.029700
HTTP/3,A_10kB,10000,836,0.001661035,6020342.738,48.1627,10015,12,10297,1.001500,1.029700
HTTP/3,A_10kB,10000,837,0.001873823,5336683.347,42.6935,10015,12,10325,1.001500,1.032500
HTTP/3,A_10kB,10000,838,0.001757355,5690369.903,45.5230,10015,12,10324,1.001500,1.032400
HTTP/3,A_10kB,10000,839,0.002059398,4855787.953,38.8463,10015,12,10297,1.001500,1.029700
HTTP/3,A_10kB,10000,840,0.001788594,5590983.756,44.7279,10015,12,10297,1.001500,1.029700
HTTP/3,A_10kB,10000,841,0.001676334,5965398.304,47.7232,10015,12,10297,1.001500,1.029700
HTTP/3,A_10kB,10000,842,0.001755502,5696376.307,45.5710,10015,12,10325,1.001500,1.032500
HTTP/3,A_10kB,10000,843,0.001797210,5564180.035,44.5134,10015,12,10297,1.001500,1.029700
HTTP/3,A_10kB,10000,844,0.002515844,3974809.249,31.7985,10015,12,10297,1.001500,1.029700
HTTP/3,A_10kB,10000,845,0.003669941,2724839.446,21.7987,10015,12,10325,1.001500,1.032500
HTTP/3,A_10kB,10000,846,0.003196476,3128445.200,25.0276,10015,12,10297,1.001500,1.029700
HTTP/3,A_10kB,10000,847,0.016388908,610168.780,4.8814,10015,12,10358,1.001500,1.035800
HTTP/3,A_10kB,10000,848,0.005707089,1752206.773,14.0177,10015,12,10357,1.001500,1.035700
HTTP/3,A_10kB,10000,849,0.005019493,1992233.080,15.9379,10015,12,10291,1.001500,1.029100
HTTP/3,A_10kB,10000,850,0.005206584,1920645.091,15.3652,10015,12,10358,1.001500,1.035800
HTTP/3,A_10kB,10000,851,0.002577278,3880062.609,31.0405,10015,12,10324,1.001500,1.032400
HTTP/3,A_10kB,10000,852,0.003457724,2892075.828,23.1366,10015,12,10357,1.001500,1.035700
HTTP/3,A_10kB,10000,853,0.001680211,5951633.456,47.6131,10015,12,10291,1.001500,1.029100
HTTP/3,A_10kB,10000,854,0.001912156,5229698.832,41.8376,10015,12,10324,1.001500,1.032400
HTTP/3,A_10kB,10000,855,0.001711880,5841530.949,46.7322,10015,12,10297,1.001500,1.029700
HTTP/3,A_10kB,10000,856,0.001709897,5848305.483,46.7864,10015,12,10297,1.001500,1.029700
HTTP/3,A_10kB,10000,857,0.002125403,4704990.066,37.6399,10015,12,10297,1.001500,1.029700
HTTP/3,A_10kB,10000,858,0.001683166,5941184.648,47.5295,10015,12,10324,1.001500,1.032400
HTTP/3,A_10kB,10000,859,0.001650104,6060224.083,48.4818,10015,12,10297,1.001500,1.029700
HTTP/3,A_10kB,10000,860,0.001728050,5786869.593,46.2950,10015,12,10325,1.001500,1.032500
HTTP/3,A_10kB,10000,861,0.001680482,5950673.676,47.6054,10015,12,10297,1.001500,1.029700
HTTP/3,A_10kB,10000,862,0.001635717,6113526.973,48.9082,10015,12,10297,1.001500,1.029700
HTTP/3,A_10kB,10000,863,0.001709626,5849232.522,46.7939,10015,12,10324,1.001500,1.032400
HTTP/3,A_10kB,10000,864,0.001719935,5814173.210,46.5134,10015,12,10297,1.001500,1.029700
HTTP/3,A_10kB,10000,865,0.001617404,6182747.168,49.4620,10015,12,10297,1.001500,1.029700
HTTP/3,A_10kB,10000,866,0.001785378,5601054.791,44.8084,10015,12,10324,1.001500,1.032400
HTTP/3,A_10kB,10000,867,0.001661547,6018487.590,48.1479,10015,12,10297,1.001500,1.029700
HTTP/3,A_10kB,10000,868,0.001671245,5983563.152,47.8685,10015,12,10297,1.001500,1.029700
HTTP/3,A_10kB,10000,869,0.001628304,6141359.353,49.1309,10015,12,10297,1.001500,1.029700
HTTP/3,A_10kB,10000,870,0.001771421,5645185.419,45.1615,10015,12,10325,1.001500,1.032500
HTTP/3,A_10kB,10000,871,0.001686604,5929074.044,47.4326,10015,12,10297,1.001500,1.029700
HTTP/3,A_10kB,10000,872,0.001623896,6158029.825,49.2642,10015,12,10297,1.001500,1.029700
HTTP/3,A_10kB,10000,873,0.001720546,5812108.482,46.4969,10015,12,10324,1.001500,1.032400
HTTP/3,A_10kB,10000,874,0.001674781,5970929.931,47.7674,10015,12,10297,1.001500,1.029700
HTTP/3,A_10kB,10000,875,0.001725415,5795707.120,46.3657,10015,12,10324,1.001500,1.032400
HTTP/3,A_10kB,10000,876,0.001637501,6106866.500,48.8549,10015,12,10297,1.001500,1.029700
HTTP/3,A_10kB,10000,877,0.001783895,5605711.098,44.8457,10015,12,10325,1.001500,1.032500
HTTP/3,A_10kB,10000,878,0.001688406,5922746.069,47.3820,10015,12,10297,1.001500,1.029700
HTTP/3,A_10kB,10000,879,0.002274162,4397224.121,35.1778,10015,12,10297,1.001500,1.029700
HTTP/3,A_10kB,10000,880,0.002586604,3866073.044,30.9286,10015,12,10324,1.001500,1.032400
HTTP/3,A_10kB,10000,881,0.001621913,6165558.818,49.3245,10015,12,10297,1.001500,1.029700
HTTP/3,A_10kB,10000,882,0.001672988,5977329.186,47.8186,10015,12,10297,1.001500,1.029700
HTTP/3,A_10kB,10000,883,0.001608908,6215395.784,49.7232,10015,12,10297,1.001500,1.029700
HTTP/3,A_10kB,10000,884,0.001636609,6110194.921,48.8816,10015,12,10297,1.001500,1.029700
HTTP/3,A_10kB,10000,885,0.001752316,5706733.261,45.6539,10015,12,10325,1.001500,1.032500
HTTP/3,A_10kB,10000,886,0.001696262,5895315.700,47.1625,10015,12,10297,1.001500,1.029700
HTTP/3,A_10kB,10000,887,0.001645195,6078306.827,48.6265,10015,12,10297,1.001500,1.029700
HTTP/3,A_10kB,10000,888,0.001744101,5733612.904,45.8689,10015,12,10325,1.001500,1.032500
HTTP/3,A_10kB,10000,889,0.001833317,5454594.050,43.6368,10015,12,10297,1.001500,1.029700
HTTP/3,A_10kB,10000,890,0.001642030,6090022.715,48.7202,10015,12,10297,1.001500,1.029700
HTTP/3,A_10kB,10000,891,0.001646598,6073127.746,48.5850,10015,12,10297,1.001500,1.029700
HTTP/3,A_10kB,10000,892,0.001741816,5741134.540,45.9291,10015,12,10325,1.001500,1.032500
HTTP/3,A_10kB,10000,893,0.001686823,5928304.274,47.4264,10015,12,10297,1.001500,1.029700
HTTP/3,A_10kB,10000,894,0.001648332,6066738.982,48.5339,10015,12,10297,1.001500,1.029700
HTTP/3,A_10kB,10000,895,0.001732379,5772408.924,46.1793,10015,12,10324,1.001500,1.032400
HTTP/3,A_10kB,10000,896,0.001684359,5936976.618,47.4958,10015,12,10297,1.001500,1.029700
HTTP/3,A_10kB,10000,897,0.001620780,6169868.829,49.3590,10015,12,10297,1.001500,1.029700
HTTP/3,A_10kB,10000,898,0.001740394,5745825.370,45.9666,10015,12,10324,1.001500,1.032400
HTTP/3,A_10kB,10000,899,0.001698716,5886799.206,47.0944,10015,12,10297,1.001500,1.029700
HTTP/3,A_10kB,10000,900,0.001618225,6179610.376,49.4369,10015,12,10297,1.001500,1.029700
HTTP/3,A_10kB,10000,901,0.001987977,5030239.283,40.2419,10015,12,10297,1.001500,1.029700
HTTP/3,A_10kB,10000,902,0.001619808,6173571.189,49.3886,10015,12,10297,1.001500,1.029700
HTTP/3,A_10kB,10000,903,0.002034135,4916094.556,39.3288,10015,12,10325,1.001500,1.032500
HTTP/3,A_10kB,10000,904,0.001926441,5190919.421,41.5274,10015,12,10324,1.001500,1.032400
HTTP/3,A_10kB,10000,905,0.004873669,2051842.257,16.4147,10015,12,10358,1.001500,1.035800
HTTP/3,A_10kB,10000,906,0.001905853,5246994.391,41.9760,10015,12,10297,1.001500,1.029700
HTTP/3,A_10kB,10000,907,0.001954784,5115654.722,40.9252,10015,12,10297,1.001500,1.029700
HTTP/3,A_10kB,10000,908,0.001820954,5491626.916,43.9330,10015,12,10297,1.001500,1.029700
HTTP/3,A_10kB,10000,909,0.001806868,5534438.598,44.2755,10015,12,10297,1.001500,1.029700
HTTP/3,A_10kB,10000,910,0.002129612,4695691.046,37.5655,10015,12,10297,1.001500,1.029700
HTTP/3,A_10kB,10000,911,0.001621081,6168723.216,49.3498,10015,12,10297,1.001500,1.029700
HTTP/3,A_10kB,10000,912,0.001717651,5821904.450,46.5752,10015,12,10324,1.001500,1.032400
HTTP/3,A_10kB,10000,913,0.001677897,5959841.397,47.6787,10015,12,10297,1.001500,1.029700
HTTP/3,A_10kB,10000,914,0.001607335,6221478.410,49.7718,10015,12,10297,1.001500,1.029700
HTTP/3,A_10kB,10000,915,0.001714986,5830951.390,46.6476,10015,12,10324,1.001500,1.032400
HTTP/3,A_10kB,10000,916,0.001735524,5761948.553,46.0956,10015,12,10297,1.001500,1.029700
HTTP/3,A_10kB,10000,917,0.001665153,6005454.154,48.0436,10015,12,10297,1.001500,1.029700
HTTP/3,A_10kB,10000,918,0.001643222,6085604.988,48.6848,10015,12,10297,1.001500,1.029700
HTTP/3,A_10kB,10000,919,0.001747126,5723685.641,45.7895,10015,12,10325,1.001500,1.032500
HTTP/3,A_10kB,10000,920,0.002412179,4145629.325,33.1650,10015,12,10297,1.001500,1.029700
HTTP/3,A_10kB,10000,921,0.004248966,2353513.773,18.8281,10015,12,10358,1.001500,1.035800
HTTP/3,A_10kB,10000,922,0.001739973,5747215.618,45.9777,10015,12,10291,1.001500,1.029100
HTTP/3,A_10kB,10000,923,0.001724383,5799175.705,46.3934,10015,12,10324,1.001500,1.032400
HTTP/3,A_10kB,10000,924,0.001818881,5497885.788,43.9831,10015,12,10297,1.001500,1.029700
HTTP/3,A_10kB,10000,925,0.001719986,5814000.812,46.5120,10015,12,10297,1.001500,1.029700
HTTP/3,A_10kB,10000,926,0.001635468,6114457.758,48.9157,10015,12,10297,1.001500,1.029700
HTTP/3,A_10kB,10000,927,0.001692334,5908999.051,47.2720,10015,12,10297,1.001500,1.029700
HTTP/3,A_10kB,10000,928,0.001730035,5780229.880,46.2418,10015,12,10297,1.001500,1.029700
HTTP/3,A_10kB,10000,929,0.001619668,6174104.816,49.3928,10015,12,10297,1.001500,1.029700
HTTP/3,A_10kB,10000,930,0.001683257,5940863.457,47.5269,10015,12,10297,1.001500,1.029700
HTTP/3,A_10kB,10000,931,0.001689158,5920109.309,47.3609,10015,12,10297,1.001500,1.029700
HTTP/3,A_10kB,10000,932,0.001630689,6132377.173,49.0590,10015,12,10297,1.001500,1.029700
HTTP/3,A_10kB,10000,933,0.001671696,5981948.871,47.8556,10015,12,10297,1.001500,1.029700
HTTP/3,A_10kB,10000,934,0.001931881,5176302.267,41.4104,10015,12,10297,1.001500,1.029700
HTTP/3,A_10kB,10000,935,0.002802158,3568678.140,28.5494,10015,12,10324,1.001500,1.032400
HTTP/3,A_10kB,10000,936,0.002980131,3355557.189,26.8445,10015,12,10324,1.001500,1.032400
HTTP/3,A_10kB,10000,937,0.003188631,3136142.125,25.0891,10015,12,10358,1.001500,1.035800
HTTP/3,A_10kB,10000,938,0.003867468,2585671.039,20.6854,10015,12,10325,1.001500,1.032500
HTTP/3,A_10kB,10000,939,0.004018742,2488340.879,19.9067,10015,12,10357,1.001500,1.035700
HTTP/3,A_10kB,10000,940,0.003256247,3071020.104,24.5682,10015,12,10357,1.001500,1.035700
HTTP/3,A_10kB,10000,941,0.002957890,3380788.332,27.0463,10015,12,10324,1.001500,1.032400
HTTP/3,A_10kB,10000,942,0.003860387,2590413.863,20.7233,10015,12,10324,1.001500,1.032400
HTTP/3,A_10kB,10000,943,0.002942331,3398665.888,27.1893,10015,12,10325,1.001500,1.032500
HTTP/3,A_10kB,10000,944,0.004010878,2493219.689,19.9458,10015,12,10357,1.001500,1.035700
HTTP/3,A_10kB,10000,945,0.003235980,3090253.957,24.7220,10015,12,10325,1.001500,1.032500
HTTP/3,A_10kB,10000,946,0.002878681,3473813.180,27.7905,10015,12,10297,1.001500,1.029700
HTTP/3,A_10kB,10000,947,0.002919989,3424670.435,27.3974,10015,12,10324,1.001500,1.032400
HTTP/3,A_10kB,10000,948,0.003729762,2681136.223,21.4491,10015,12,10358,1.001500,1.035800
HTTP/3,A_10kB,10000,949,0.003836262,2606704.130,20.8536,10015,12,10325,1.001500,1.032500
HTTP/3,A_10kB,10000,950,0.002620919,3815455.571,30.5236,10015,12,10325,1.001500,1.032500
HTTP/3,A_10kB,10000,951,0.003966325,2521225.568,20.1698,10015,12,10357,1.001500,1.035700
HTTP/3,A_10kB,10000,952,0.002108872,4741871.484,37.9350,10015,12,10297,1.001500,1.029700
HTTP/3,A_10kB,10000,953,0.001661265,6019509.230,48.1561,10015,12,10297,1.001500,1.029700
HTTP/3,A_10kB,10000,954,0.001740183,5746522.061,45.9722,10015,12,10297,1.001500,1.029700
HTTP/3,A_10kB,10000,955,0.001708624,5852662.727,46.8213,10015,12,10297,1.001500,1.029700
HTTP/3,A_10kB,10000,956,0.001649013,6064233.575,48.5139,10015,12,10297,1.001500,1.029700
HTTP/3,A_10kB,10000,957,0.001785738,5599925.633,44.7994,10015,12,10325,1.001500,1.032500
HTTP/3,A_10kB,10000,958,0.001674049,5973540.799,47.7883,10015,12,10297,1.001500,1.029700
HTTP/3,A_10kB,10000,959,0.001628404,6140982.213,49.1279,10015,12,10297,1.001500,1.029700
HTTP/3,A_10kB,10000,960,0.001677325,5961873.817,47.6950,10015,12,10297,1.001500,1.029700
HTTP/3,A_10kB,10000,961,0.001693285,5905680.379,47.2454,10015,12,10297,1.001500,1.029700
HTTP/3,A_10kB,10000,962,0.001623505,6159512.906,49.2761,10015,12,10297,1.001500,1.029700
HTTP/3,A_10kB,10000,963,0.001624907,6154198.364,49.2336,10015,12,10297,1.001500,1.029700
HTTP/3,A_10kB,10000,964,0.001677326,5961870.263,47.6950,10015,12,10297,1.001500,1.029700
HTTP/3,A_10kB,10000,965,0.001813299,5514810.298,44.1185,10015,12,10297,1.001500,1.029700
HTTP/3,A_10kB,10000,966,0.001643833,6083343.016,48.6667,10015,12,10297,1.001500,1.029700
HTTP/3,A_10kB,10000,967,0.001804403,5541999.210,44.3360,10015,12,10325,1.001500,1.032500
HTTP/3,A_10kB,10000,968,0.001699116,5885413.356,47.0833,10015,12,10297,1.001500,1.029700
HTTP/3,A_10kB,10000,969,0.001616352,6186771.199,49.4942,10015,12,10297,1.001500,1.029700
HTTP/3,A_10kB,10000,970,0.001623235,6160537.445,49.2843,10015,12,10297,1.001500,1.029700
HTTP/3,A_10kB,10000,971,0.002657729,3762610.861,30.1009,10015,12,10297,1.001500,1.029700
HTTP/3,A_10kB,10000,972,0.003066853,3260671.444,26.0854,10015,12,10325,1.001500,1.032500
HTTP/3,A_10kB,10000,973,0.003448877,2899494.531,23.1960,10015,12,10325,1.001500,1.032500
HTTP/3,A_10kB,10000,974,0.002432488,4111017.197,32.8881,10015,12,10297,1.001500,1.029700
HTTP/3,A_10kB,10000,975,0.002848115,3511094.180,28.0888,10015,12,10325,1.001500,1.032500
HTTP/3,A_10kB,10000,976,0.002302736,4342660.209,34.7413,10015,12,10324,1.001500,1.032400
HTTP/3,A_10kB,10000,977,0.001848486,5409832.696,43.2787,10015,12,10291,1.001500,1.029100
HTTP/3,A_10kB,10000,978,0.001754099,5700932.502,45.6075,10015,12,10324,1.001500,1.032400
HTTP/3,A_10kB,10000,979,0.001768226,5655385.680,45.2431,10015,12,10297,1.001500,1.029700
HTTP/3,A_10kB,10000,980,0.001643182,6085753.130,48.6860,10015,12,10297,1.001500,1.029700
HTTP/3,A_10kB,10000,981,0.001685271,5933763.768,47.4701,10015,12,10297,1.001500,1.029700
HTTP/3,A_10kB,10000,982,0.001800005,5555540.124,44.4443,10015,12,10297,1.001500,1.029700
HTTP/3,A_10kB,10000,983,0.001952067,5122774.987,40.9822,10015,12,10297,1.001500,1.029700
HTTP/3,A_10kB,10000,984,0.001655645,6039942.137,48.3195,10015,12,10297,1.001500,1.029700
HTTP/3,A_10kB,10000,985,0.002084709,4796832.556,38.3747,10015,12,10297,1.001500,1.029700
HTTP/3,A_10kB,10000,986,0.001661045,6020306.494,48.1625,10015,12,10297,1.001500,1.029700
HTTP/3,A_10kB,10000,987,0.001691081,5913377.301,47.3070,10015,12,10297,1.001500,1.029700
HTTP/3,A_10kB,10000,988,0.001650876,6057390.137,48.4591,10015,12,10297,1.001500,1.029700
HTTP/3,A_10kB,10000,989,0.001800476,5554086.808,44.4327,10015,12,10325,1.001500,1.032500
HTTP/3,A_10kB,10000,990,0.001680090,5952062.092,47.6165,10015,12,10297,1.001500,1.029700
HTTP/3,A_10kB,10000,991,0.001618135,6179954.083,49.4396,10015,12,10297,1.001500,1.029700
HTTP/3,A_10kB,10000,992,0.001675563,5968143.245,47.7451,10015,12,10297,1.001500,1.029700
HTTP/3,A_10kB,10000,993,0.001824731,5480259.830,43.8421,10015,12,10297,1.001500,1.029700
HTTP/3,A_10kB,10000,994,0.001677887,5959876.917,47.6790,10015,12,10297,1.001500,1.029700
HTTP/3,A_10kB,10000,995,0.001634947,6116406.220,48.9312,10015,12,10297,1.001500,1.029700
HTTP/3,A_10kB,10000,996,0.001804373,5542091.353,44.3367,10015,12,10325,1.001500,1.032500
HTTP/3,A_10kB,10000,997,0.001730065,5780129.648,46.2410,10015,12,10297,1.001500,1.029700
HTTP/3,A_10kB,10000,998,0.001676885,5963438.160,47.7075,10015,12,10297,1.001500,1.029700
HTTP/3,A_10kB,10000,999,0.001642711,6087498.045,48.7000,10015,12,10297,1.001500,1.029700
HTTP/3,A_10kB,10000,1000,0.001669651,5989275.603,47.9142,10015,12,10297,1.001500,1.029700
HTTP/3,A_1MB,1000000,1,0.130071301,7688091.011,61.5047,1000069,18,1025662,1.000069,1.025662
HTTP/3,A_1MB,1000000,2,0.090612777,11035971.230,88.2878,1000071,19,1026206,1.000071,1.026206
HTTP/3,A_1MB,1000000,3,0.198965049,5026008.362,40.2081,1000017,12,1026508,1.000017,1.026508
HTTP/3,A_1MB,1000000,4,0.128920091,7756742.896,62.0539,1000017,12,1026004,1.000017,1.026004
HTTP/3,A_1MB,1000000,5,0.101538532,9848478.014,78.7878,1000017,12,1026113,1.000017,1.026113
HTTP/3,A_1MB,1000000,6,0.096393803,10374110.875,82.9929,1000017,12,1026148,1.000017,1.026148
HTTP/3,A_1MB,1000000,7,0.083584219,11963980.904,95.7118,1000017,12,1025860,1.000017,1.025860
HTTP/3,A_1MB,1000000,8,0.082392850,12136975.478,97.0958,1000017,12,1025824,1.000017,1.025824
HTTP/3,A_1MB,1000000,9,0.082630253,12102105.024,96.8168,1000017,12,1025753,1.000017,1.025753
HTTP/3,A_1MB,1000000,10,0.081102097,12330137.407,98.6411,1000017,12,1025573,1.000017,1.025573
